Age Group,Attrition,Department,Gender,Income Band,Job Role,Overtime,Tenure Band,Attrition Flag,Monthly Income,Years At Company
36-45,Left,Sales,Female,2. 3K-6K,Sales Executive,Overtime,3. 6-10 yrs,1,5993,6
46-60,Stayed,Research & Development,Male,2. 3K-6K,Research Scientist,No Overtime,3. 6-10 yrs,0,5130,10
36-45,Left,Research & Development,Male,1. Under 3K,Laboratory Technician,Overtime,1. 0-2 yrs,1,2090,0
26-35,Stayed,Research & Development,Female,1. Under 3K,Research Scientist,Overtime,3. 6-10 yrs,0,2909,8
26-35,Stayed,Research & Development,Male,2. 3K-6K,Laboratory Technician,No Overtime,1. 0-2 yrs,0,3468,2
26-35,Stayed,Research & Development,Male,2. 3K-6K,Laboratory Technician,No Overtime,3. 6-10 yrs,0,3068,7
46-60,Stayed,Research & Development,Female,1. Under 3K,Laboratory Technician,Overtime,1. 0-2 yrs,0,2670,1
26-35,Stayed,Research & Development,Male,1. Under 3K,Laboratory Technician,No Overtime,1. 0-2 yrs,0,2693,1
36-45,Stayed,Research & Development,Male,3. 6K-10K,Manufacturing Director,No Overtime,3. 6-10 yrs,0,9526,9
36-45,Stayed,Research & Development,Male,2. 3K-6K,Healthcare Representative,No Overtime,3. 6-10 yrs,0,5237,7
26-35,Stayed,Research & Development,Male,1. Under 3K,Laboratory Technician,No Overtime,2. 3-5 yrs,0,2426,5
26-35,Stayed,Research & Development,Female,2. 3K-6K,Laboratory Technician,Overtime,3. 6-10 yrs,0,4193,9
26-35,Stayed,Research & Development,Male,1. Under 3K,Research Scientist,No Overtime,2. 3-5 yrs,0,2911,5
26-35,Stayed,Research & Development,Male,1. Under 3K,Laboratory Technician,No Overtime,1. 0-2 yrs,0,2661,2
26-35,Left,Research & Development,Male,1. Under 3K,Laboratory Technician,Overtime,2. 3-5 yrs,1,2028,4
26-35,Stayed,Research & Development,Female,3. 6K-10K,Manufacturing Director,No Overtime,3. 6-10 yrs,0,9980,10
26-35,Stayed,Research & Development,Male,2. 3K-6K,Research Scientist,Overtime,3. 6-10 yrs,0,3298,6
18-25,Stayed,Research & Development,Male,1. Under 3K,Laboratory Technician,Overtime,1. 0-2 yrs,0,2935,1
46-60,Stayed,Sales,Female,4. Above 10K,Manager,No Overtime,4. 10+ yrs,0,15427,25
36-45,Stayed,Research & Development,Male,2. 3K-6K,Research Scientist,Overtime,2. 3-5 yrs,0,3944,3
18-25,Stayed,Research & Development,Female,2. 3K-6K,Manufacturing Director,No Overtime,2. 3-5 yrs,0,4011,4
36-45,Left,Sales,Male,2. 3K-6K,Sales Representative,No Overtime,2. 3-5 yrs,1,3407,5
26-35,Stayed,Research & Development,Female,4. Above 10K,Research Director,No Overtime,4. 10+ yrs,0,11994,12
18-25,Stayed,Research & Development,Male,1. Under 3K,Research Scientist,No Overtime,1. 0-2 yrs,0,1232,0
26-35,Left,Research & Development,Male,1. Under 3K,Research Scientist,No Overtime,2. 3-5 yrs,1,2960,4
46-60,Stayed,Research & Development,Female,4. Above 10K,Manager,No Overtime,4. 10+ yrs,0,19094,14
26-35,Left,Research & Development,Female,2. 3K-6K,Research Scientist,Overtime,3. 6-10 yrs,1,3919,10
36-45,Stayed,Sales,Male,3. 6K-10K,Sales Executive,No Overtime,3. 6-10 yrs,0,6825,9
36-45,Stayed,Research & Development,Female,4. Above 10K,Healthcare Representative,No Overtime,4. 10+ yrs,0,10248,22
46-60,Stayed,Sales,Female,4. Above 10K,Manager,No Overtime,1. 0-2 yrs,0,18947,2
26-35,Stayed,Research & Development,Male,1. Under 3K,Laboratory Technician,No Overtime,1. 0-2 yrs,0,2496,1
36-45,Stayed,Research & Development,Male,3. 6K-10K,Healthcare Representative,Overtime,2. 3-5 yrs,0,6465,4
26-35,Stayed,Research & Development,Male,1. Under 3K,Laboratory Technician,No Overtime,3. 6-10 yrs,0,2206,10
36-45,Left,Sales,Male,1. Under 3K,Sales Representative,No Overtime,1. 0-2 yrs,1,2086,1
18-25,Left,Research & Development,Male,1. Under 3K,Research Scientist,Overtime,1. 0-2 yrs,1,2293,2
36-45,Stayed,Research & Development,Female,1. Under 3K,Research Scientist,No Overtime,2. 3-5 yrs,0,2645,5
46-60,Left,Sales,Male,1. Under 3K,Sales Representative,Overtime,2. 3-5 yrs,1,2683,3
26-35,Stayed,Sales,Female,1. Under 3K,Sales Representative,No Overtime,1. 0-2 yrs,0,2014,2
36-45,Stayed,Research & Development,Female,2. 3K-6K,Research Scientist,Overtime,1. 0-2 yrs,0,3419,1
26-35,Stayed,Sales,Female,2. 3K-6K,Sales Executive,No Overtime,2. 3-5 yrs,0,5376,5
26-35,Stayed,Research & Development,Male,1. Under 3K,Laboratory Technician,No Overtime,1. 0-2 yrs,0,1951,1
26-35,Stayed,Research & Development,Female,1. Under 3K,Laboratory Technician,No Overtime,1. 0-2 yrs,0,2341,1
26-35,Left,Research & Development,Male,1. Under 3K,Laboratory Technician,No Overtime,1. 0-2 yrs,1,2293,1
26-35,Stayed,Sales,Male,3. 6K-10K,Sales Executive,No Overtime,3. 6-10 yrs,0,8726,9
26-35,Stayed,Research & Development,Female,2. 3K-6K,Laboratory Technician,No Overtime,4. 10+ yrs,0,4011,12
36-45,Left,Research & Development,Female,4. Above 10K,Research Director,No Overtime,4. 10+ yrs,1,19545,22
26-35,Stayed,Sales,Male,2. 3K-6K,Sales Executive,No Overtime,3. 6-10 yrs,0,4568,9
36-45,Stayed,Research & Development,Male,2. 3K-6K,Research Scientist,No Overtime,1. 0-2 yrs,0,3022,1
46-60,Stayed,Sales,Male,2. 3K-6K,Sales Executive,Overtime,3. 6-10 yrs,0,5772,9
26-35,Stayed,Research & Development,Male,1. Under 3K,Laboratory Technician,No Overtime,1. 0-2 yrs,0,2269,1
46-60,Left,Research & Development,Male,2. 3K-6K,Laboratory Technician,Overtime,1. 0-2 yrs,1,5381,1
26-35,Left,Research & Development,Male,2. 3K-6K,Laboratory Technician,Overtime,1. 0-2 yrs,1,3441,2
36-45,Stayed,Sales,Female,2. 3K-6K,Sales Executive,Overtime,2. 3-5 yrs,0,5454,4
26-35,Stayed,Research & Development,Male,3. 6K-10K,Healthcare Representative,Overtime,2. 3-5 yrs,0,9884,4
26-35,Stayed,Sales,Female,2. 3K-6K,Sales Executive,Overtime,1. 0-2 yrs,0,4157,2
26-35,Stayed,Research & Development,Female,4. Above 10K,Research Director,Overtime,4. 10+ yrs,0,13458,15
26-35,Stayed,Sales,Male,3. 6K-10K,Sales Executive,No Overtime,3. 6-10 yrs,0,9069,9
26-35,Stayed,Research & Development,Female,2. 3K-6K,Laboratory Technician,Overtime,1. 0-2 yrs,0,4014,2
26-35,Stayed,Research & Development,Male,2. 3K-6K,Laboratory Technician,No Overtime,3. 6-10 yrs,0,5915,7
36-45,Stayed,Research & Development,Male,2. 3K-6K,Manufacturing Director,No Overtime,3. 6-10 yrs,0,5993,7
26-35,Stayed,Research & Development,Male,3. 6K-10K,Manufacturing Director,Overtime,3. 6-10 yrs,0,6162,9
36-45,Stayed,Research & Development,Female,1. Under 3K,Laboratory Technician,No Overtime,3. 6-10 yrs,0,2406,10
46-60,Stayed,Research & Development,Female,4. Above 10K,Research Director,Overtime,4. 10+ yrs,0,18740,27
46-60,Stayed,Sales,Female,3. 6K-10K,Sales Executive,No Overtime,4. 10+ yrs,0,7637,21
36-45,Stayed,Research & Development,Female,4. Above 10K,Healthcare Representative,No Overtime,4. 10+ yrs,0,10096,17
46-60,Stayed,Research & Development,Female,4. Above 10K,Manager,Overtime,2. 3-5 yrs,0,14756,5
36-45,Stayed,Research & Development,Male,3. 6K-10K,Manufacturing Director,No Overtime,3. 6-10 yrs,0,6499,6
36-45,Stayed,Research & Development,Male,3. 6K-10K,Research Scientist,No Overtime,1. 0-2 yrs,0,9724,1
26-35,Stayed,Research & Development,Male,1. Under 3K,Research Scientist,No Overtime,2. 3-5 yrs,0,2194,3
36-45,Left,Research & Development,Male,2. 3K-6K,Research Scientist,Overtime,1. 0-2 yrs,1,3388,1
46-60,Stayed,Sales,Female,2. 3K-6K,Sales Executive,No Overtime,2. 3-5 yrs,0,5473,4
26-35,Stayed,Research & Development,Male,1. Under 3K,Research Scientist,No Overtime,2. 3-5 yrs,0,2703,5
26-35,Stayed,Research & Development,Male,1. Under 3K,Research Scientist,No Overtime,1. 0-2 yrs,0,2501,1
26-35,Stayed,Research & Development,Male,3. 6K-10K,Research Scientist,No Overtime,3. 6-10 yrs,0,6220,10
36-45,Stayed,Research & Development,Female,2. 3K-6K,Laboratory Technician,No Overtime,1. 0-2 yrs,0,3038,1
26-35,Stayed,Research & Development,Female,2. 3K-6K,Manufacturing Director,No Overtime,4. 10+ yrs,0,4424,11
26-35,Stayed,Sales,Male,2. 3K-6K,Sales Executive,No Overtime,4. 10+ yrs,0,4312,15
36-45,Stayed,Research & Development,Male,4. Above 10K,Research Director,Overtime,1. 0-2 yrs,0,13245,0
36-45,Stayed,Research & Development,Male,4. Above 10K,Research Director,No Overtime,2. 3-5 yrs,0,13664,5
46-60,Stayed,Human Resources,Male,2. 3K-6K,Human Resources,Overtime,2. 3-5 yrs,0,5021,4
26-35,Stayed,Research & Development,Male,2. 3K-6K,Laboratory Technician,Overtime,3. 6-10 yrs,0,5126,10
26-35,Stayed,Research & Development,Male,1. Under 3K,Research Scientist,No Overtime,3. 6-10 yrs,0,2859,6
46-60,Stayed,Sales,Male,4. Above 10K,Sales Executive,No Overtime,1. 0-2 yrs,0,10239,1
36-45,Stayed,Research & Development,Female,2. 3K-6K,Research Scientist,Overtime,4. 10+ yrs,0,5329,13
26-35,Stayed,Research & Development,Male,2. 3K-6K,Manufacturing Director,No Overtime,2. 3-5 yrs,0,4325,5
46-60,Stayed,Research & Development,Male,3. 6K-10K,Manufacturing Director,No Overtime,3. 6-10 yrs,0,7260,6
18-25,Stayed,Sales,Male,1. Under 3K,Sales Representative,No Overtime,1. 0-2 yrs,0,2322,0
46-60,Stayed,Research & Development,Male,1. Under 3K,Laboratory Technician,No Overtime,2. 3-5 yrs,0,2075,4
26-35,Stayed,Research & Development,Male,2. 3K-6K,Healthcare Representative,No Overtime,4. 10+ yrs,0,4152,11
46-60,Left,Sales,Male,3. 6K-10K,Sales Executive,No Overtime,3. 6-10 yrs,1,9619,9
36-45,Stayed,Research & Development,Male,4. Above 10K,Healthcare Representative,No Overtime,4. 10+ yrs,0,13503,22
46-60,Stayed,Sales,Male,2. 3K-6K,Sales Executive,Overtime,3. 6-10 yrs,0,5441,10
26-35,Stayed,Sales,Female,2. 3K-6K,Sales Executive,Overtime,4. 10+ yrs,0,5209,11
46-60,Stayed,Research & Development,Male,4. Above 10K,Healthcare Representative,Overtime,3. 6-10 yrs,0,10673,10
26-35,Stayed,Sales,Male,2. 3K-6K,Sales Executive,No Overtime,4. 10+ yrs,0,5010,11
46-60,Stayed,Research & Development,Female,4. Above 10K,Research Director,No Overtime,2. 3-5 yrs,0,13549,4
18-25,Stayed,Sales,Female,2. 3K-6K,Sales Executive,No Overtime,2. 3-5 yrs,0,4999,3
26-35,Stayed,Sales,Male,2. 3K-6K,Sales Executive,No Overtime,2. 3-5 yrs,0,4221,5
46-60,Stayed,Sales,Male,4. Above 10K,Sales Executive,No Overtime,4. 10+ yrs,0,13872,37
36-45,Stayed,Research & Development,Male,1. Under 3K,Laboratory Technician,No Overtime,2. 3-5 yrs,0,2042,3
36-45,Left,Human Resources,Male,1. Under 3K,Human Resources,Overtime,2. 3-5 yrs,1,2073,3
26-35,Stayed,Research & Development,Male,1. Under 3K,Research Scientist,No Overtime,1. 0-2 yrs,0,2956,1
18-25,Left,Research & Development,Female,1. Under 3K,Laboratory Technician,Overtime,1. 0-2 yrs,1,2926,1
26-35,Stayed,Research & Development,Female,2. 3K-6K,Research Scientist,No Overtime,4. 10+ yrs,0,4809,16
36-45,Stayed,Research & Development,Male,2. 3K-6K,Healthcare Representative,No Overtime,1. 0-2 yrs,0,5163,1
46-60,Stayed,Human Resources,Female,4. Above 10K,Manager,No Overtime,2. 3-5 yrs,0,18844,3
46-60,Stayed,Research & Development,Female,4. Above 10K,Research Director,Overtime,3. 6-10 yrs,0,18172,8
18-25,Left,Sales,Male,2. 3K-6K,Sales Executive,Overtime,3. 6-10 yrs,1,5744,6
18-25,Stayed,Research & Development,Male,1. Under 3K,Research Scientist,No Overtime,1. 0-2 yrs,0,2889,2
18-25,Stayed,Research & Development,Female,1. Under 3K,Laboratory Technician,No Overtime,1. 0-2 yrs,0,2871,0
46-60,Stayed,Research & Development,Female,3. 6K-10K,Healthcare Representative,No Overtime,4. 10+ yrs,0,7484,13
26-35,Left,Research & Development,Male,3. 6K-10K,Laboratory Technician,Overtime,3. 6-10 yrs,1,6074,9
46-60,Stayed,Human Resources,Female,4. Above 10K,Manager,Overtime,2. 3-5 yrs,0,17328,5
18-25,Stayed,Research & Development,Male,1. Under 3K,Laboratory Technician,No Overtime,2. 3-5 yrs,0,2774,5
26-35,Stayed,Research & Development,Female,2. 3K-6K,Research Scientist,No Overtime,1. 0-2 yrs,0,4505,1
36-45,Stayed,Sales,Male,3. 6K-10K,Sales Executive,No Overtime,2. 3-5 yrs,0,7428,5
26-35,Stayed,Research & Development,Female,4. Above 10K,Manager,No Overtime,4. 10+ yrs,0,11631,11
36-45,Stayed,Sales,Female,3. 6K-10K,Sales Executive,No Overtime,3. 6-10 yrs,0,9738,9
36-45,Stayed,Research & Development,Female,1. Under 3K,Laboratory Technician,No Overtime,1. 0-2 yrs,0,2835,1
36-45,Stayed,Sales,Male,4. Above 10K,Manager,Overtime,4. 10+ yrs,0,16959,25
26-35,Stayed,Research & Development,Male,1. Under 3K,Research Scientist,No Overtime,3. 6-10 yrs,0,2613,10
26-35,Stayed,Sales,Male,3. 6K-10K,Sales Executive,No Overtime,3. 6-10 yrs,0,6146,7
46-60,Left,Research & Development,Female,2. 3K-6K,Research Scientist,Overtime,2. 3-5 yrs,1,4963,5
46-60,Stayed,Research & Development,Male,4. Above 10K,Research Director,No Overtime,4. 10+ yrs,0,19537,20
26-35,Left,Sales,Male,3. 6K-10K,Sales Executive,Overtime,3. 6-10 yrs,1,6172,7
26-35,Stayed,Research & Development,Female,1. Under 3K,Research Scientist,No Overtime,2. 3-5 yrs,0,2368,5
46-60,Left,Research & Development,Female,4. Above 10K,Healthcare Representative,No Overtime,4. 10+ yrs,1,10312,40
18-25,Left,Sales,Male,1. Under 3K,Sales Representative,Overtime,1. 0-2 yrs,1,1675,0
18-25,Stayed,Research & Development,Male,1. Under 3K,Laboratory Technician,No Overtime,1. 0-2 yrs,0,2523,2
46-60,Stayed,Research & Development,Female,3. 6K-10K,Manufacturing Director,No Overtime,4. 10+ yrs,0,6567,15
36-45,Stayed,Research & Development,Female,2. 3K-6K,Research Scientist,No Overtime,2. 3-5 yrs,0,4739,3
46-60,Stayed,Sales,Female,3. 6K-10K,Sales Executive,No Overtime,1. 0-2 yrs,0,9208,2
26-35,Left,Sales,Female,2. 3K-6K,Sales Executive,Overtime,1. 0-2 yrs,1,4559,2
36-45,Stayed,Sales,Male,3. 6K-10K,Sales Executive,Overtime,3. 6-10 yrs,0,8189,9
26-35,Stayed,Human Resources,Female,1. Under 3K,Human Resources,No Overtime,3. 6-10 yrs,0,2942,8
36-45,Stayed,Research & Development,Male,2. 3K-6K,Manufacturing Director,No Overtime,2. 3-5 yrs,0,4941,3
46-60,Left,Research & Development,Male,4. Above 10K,Manufacturing Director,No Overtime,2. 3-5 yrs,1,10650,4
36-45,Stayed,Sales,Female,2. 3K-6K,Sales Executive,No Overtime,4. 10+ yrs,0,5902,15
18-25,Stayed,Sales,Male,3. 6K-10K,Sales Executive,No Overtime,1. 0-2 yrs,0,8639,2
26-35,Stayed,Human Resources,Male,3. 6K-10K,Human Resources,Overtime,4. 10+ yrs,0,6347,11
26-35,Left,Research & Development,Female,2. 3K-6K,Laboratory Technician,No Overtime,2. 3-5 yrs,1,4200,5
36-45,Stayed,Research & Development,Male,2. 3K-6K,Research Scientist,No Overtime,3. 6-10 yrs,0,3452,6
36-45,Stayed,Research & Development,Female,2. 3K-6K,Research Scientist,Overtime,2. 3-5 yrs,0,4317,3
26-35,Stayed,Research & Development,Female,1. Under 3K,Research Scientist,No Overtime,2. 3-5 yrs,0,2632,5
26-35,Stayed,Sales,Male,2. 3K-6K,Sales Executive,No Overtime,3. 6-10 yrs,0,4668,8
26-35,Stayed,Research & Development,Female,2. 3K-6K,Research Scientist,No Overtime,2. 3-5 yrs,0,3204,3
26-35,Stayed,Research & Development,Male,1. Under 3K,Laboratory Technician,No Overtime,2. 3-5 yrs,0,2720,5
36-45,Stayed,Research & Development,Male,4. Above 10K,Manager,No Overtime,3. 6-10 yrs,0,17181,7
36-45,Stayed,Research & Development,Male,1. Under 3K,Laboratory Technician,No Overtime,2. 3-5 yrs,0,2238,5
18-25,Stayed,Research & Development,Female,1. Under 3K,Laboratory Technician,No Overtime,1. 0-2 yrs,0,1483,1
36-45,Stayed,Research & Development,Female,2. 3K-6K,Research Scientist,No Overtime,4. 10+ yrs,0,5605,20
26-35,Stayed,Sales,Male,3. 6K-10K,Sales Executive,No Overtime,3. 6-10 yrs,0,7295,10
46-60,Stayed,Sales,Male,1. Under 3K,Sales Representative,Overtime,3. 6-10 yrs,0,2306,7
36-45,Stayed,Research & Development,Male,1. Under 3K,Laboratory Technician,No Overtime,4. 10+ yrs,0,2348,17
26-35,Stayed,Sales,Female,3. 6K-10K,Sales Executive,No Overtime,3. 6-10 yrs,0,8998,9
26-35,Stayed,Research & Development,Male,2. 3K-6K,Manufacturing Director,No Overtime,3. 6-10 yrs,0,4319,10
46-60,Stayed,Research & Development,Male,3. 6K-10K,Manufacturing Director,No Overtime,1. 0-2 yrs,0,6132,1
46-60,Stayed,Research & Development,Female,2. 3K-6K,Research Scientist,Overtime,1. 0-2 yrs,0,3346,1
36-45,Stayed,Sales,Male,4. Above 10K,Sales Executive,No Overtime,4. 10+ yrs,0,10855,12
26-35,Stayed,Sales,Female,1. Under 3K,Sales Representative,No Overtime,2. 3-5 yrs,0,2231,4
18-25,Stayed,Research & Development,Male,1. Under 3K,Research Scientist,No Overtime,1. 0-2 yrs,0,2323,2
26-35,Stayed,Research & Development,Male,1. Under 3K,Research Scientist,No Overtime,1. 0-2 yrs,0,2024,2
26-35,Stayed,Research & Development,Male,1. Under 3K,Research Scientist,No Overtime,2. 3-5 yrs,0,2713,5
46-60,Stayed,Research & Development,Male,3. 6K-10K,Healthcare Representative,Overtime,2. 3-5 yrs,0,9439,5
26-35,Stayed,Research & Development,Male,1. Under 3K,Research Scientist,Overtime,1. 0-2 yrs,0,2566,1
46-60,Stayed,Research & Development,Female,4. Above 10K,Manager,No Overtime,2. 3-5 yrs,0,19926,5
36-45,Stayed,Research & Development,Male,1. Under 3K,Research Scientist,No Overtime,3. 6-10 yrs,0,2451,9
26-35,Stayed,Sales,Female,3. 6K-10K,Sales Executive,No Overtime,3. 6-10 yrs,0,9419,10
36-45,Stayed,Sales,Female,3. 6K-10K,Sales Executive,No Overtime,3. 6-10 yrs,0,8686,8
26-35,Stayed,Research & Development,Male,2. 3K-6K,Research Scientist,No Overtime,2. 3-5 yrs,0,3038,5
26-35,Stayed,Research & Development,Male,2. 3K-6K,Research Scientist,Overtime,2. 3-5 yrs,0,3058,5
18-25,Left,Sales,Female,1. Under 3K,Sales Representative,No Overtime,1. 0-2 yrs,1,2325,0
36-45,Stayed,Research & Development,Male,1. Under 3K,Laboratory Technician,No Overtime,3. 6-10 yrs,0,2088,8
26-35,Stayed,Research & Development,Male,2. 3K-6K,Laboratory Technician,No Overtime,4. 10+ yrs,0,3072,12
36-45,Stayed,Sales,Female,2. 3K-6K,Sales Executive,Overtime,2. 3-5 yrs,0,5006,5
46-60,Stayed,Research & Development,Female,2. 3K-6K,Research Scientist,Overtime,1. 0-2 yrs,0,4257,2
26-35,Stayed,Research & Development,Male,1. Under 3K,Research Scientist,No Overtime,2. 3-5 yrs,0,2500,3
18-25,Left,Research & Development,Male,1. Under 3K,Laboratory Technician,No Overtime,1. 0-2 yrs,1,1102,1
46-60,Stayed,Sales,Female,4. Above 10K,Sales Executive,No Overtime,4. 10+ yrs,0,10453,24
36-45,Stayed,Research & Development,Female,1. Under 3K,Laboratory Technician,No Overtime,1. 0-2 yrs,0,2288,2
26-35,Stayed,Research & Development,Female,2. 3K-6K,Research Scientist,Overtime,2. 3-5 yrs,0,3929,4
26-35,Stayed,Research & Development,Female,1. Under 3K,Research Scientist,No Overtime,2. 3-5 yrs,0,2311,3
36-45,Left,Sales,Female,2. 3K-6K,Sales Representative,Overtime,2. 3-5 yrs,1,3140,4
46-60,Stayed,Research & Development,Male,2. 3K-6K,Laboratory Technician,No Overtime,2. 3-5 yrs,0,3690,3
46-60,Stayed,Research & Development,Female,2. 3K-6K,Manufacturing Director,No Overtime,2. 3-5 yrs,0,4450,4
26-35,Stayed,Research & Development,Female,1. Under 3K,Research Scientist,No Overtime,3. 6-10 yrs,0,2756,8
36-45,Stayed,Research & Development,Female,4. Above 10K,Manager,No Overtime,4. 10+ yrs,0,19033,20
46-60,Stayed,Research & Development,Male,4. Above 10K,Research Director,No Overtime,4. 10+ yrs,0,18722,24
26-35,Stayed,Research & Development,Male,3. 6K-10K,Manufacturing Director,No Overtime,3. 6-10 yrs,0,9547,10
46-60,Stayed,Research & Development,Female,4. Above 10K,Healthcare Representative,No Overtime,3. 6-10 yrs,0,13734,7
46-60,Stayed,Research & Development,Male,4. Above 10K,Manager,No Overtime,4. 10+ yrs,0,19999,33
26-35,Stayed,Research & Development,Female,1. Under 3K,Research Scientist,No Overtime,3. 6-10 yrs,0,2279,7
26-35,Left,Research & Development,Male,2. 3K-6K,Manufacturing Director,Overtime,1. 0-2 yrs,1,5916,1
36-45,Stayed,Research & Development,Male,1. Under 3K,Research Scientist,No Overtime,2. 3-5 yrs,0,2089,5
36-45,Stayed,Research & Development,Male,4. Above 10K,Manager,No Overtime,4. 10+ yrs,0,16792,20
36-45,Stayed,Research & Development,Male,2. 3K-6K,Research Scientist,Overtime,3. 6-10 yrs,0,3564,8
26-35,Stayed,Research & Development,Female,2. 3K-6K,Laboratory Technician,No Overtime,3. 6-10 yrs,0,4425,6
36-45,Stayed,Research & Development,Female,2. 3K-6K,Manufacturing Director,No Overtime,2. 3-5 yrs,0,5265,5
36-45,Stayed,Research & Development,Male,3. 6K-10K,Manufacturing Director,No Overtime,1. 0-2 yrs,0,6553,1
36-45,Stayed,Research & Development,Male,3. 6K-10K,Manufacturing Director,No Overtime,3. 6-10 yrs,0,6261,7
26-35,Stayed,Research & Development,Male,2. 3K-6K,Manufacturing Director,No Overtime,1. 0-2 yrs,0,4298,2
46-60,Stayed,Research & Development,Male,3. 6K-10K,Manufacturing Director,Overtime,3. 6-10 yrs,0,6804,7
26-35,Stayed,Research & Development,Male,2. 3K-6K,Research Scientist,Overtime,2. 3-5 yrs,0,3815,5
36-45,Stayed,Research & Development,Male,1. Under 3K,Laboratory Technician,Overtime,3. 6-10 yrs,0,2741,7
36-45,Left,Research & Development,Male,3. 6K-10K,Healthcare Representative,Overtime,1. 0-2 yrs,1,6673,1
26-35,Left,Sales,Female,3. 6K-10K,Sales Executive,No Overtime,3. 6-10 yrs,1,7639,10
18-25,Stayed,Research & Development,Male,1. Under 3K,Research Scientist,Overtime,2. 3-5 yrs,0,2328,4
36-45,Stayed,Research & Development,Female,1. Under 3K,Laboratory Technician,No Overtime,3. 6-10 yrs,0,2153,8
36-45,Stayed,Research & Development,Male,2. 3K-6K,Healthcare Representative,No Overtime,2. 3-5 yrs,0,4876,3
46-60,Stayed,Research & Development,Male,3. 6K-10K,Healthcare Representative,No Overtime,2. 3-5 yrs,0,9396,4
26-35,Left,Sales,Male,4. Above 10K,Sales Executive,No Overtime,4. 10+ yrs,1,10400,14
26-35,Stayed,Research & Development,Male,3. 6K-10K,Manufacturing Director,No Overtime,4. 10+ yrs,0,8474,11
26-35,Stayed,Sales,Female,3. 6K-10K,Sales Executive,No Overtime,3. 6-10 yrs,0,9981,7
46-60,Stayed,Research & Development,Male,4. Above 10K,Research Director,No Overtime,3. 6-10 yrs,0,12490,10
26-35,Left,Research & Development,Female,1. Under 3K,Research Scientist,Overtime,2. 3-5 yrs,1,2657,5
36-45,Stayed,Sales,Female,4. Above 10K,Manager,Overtime,1. 0-2 yrs,0,13591,1
26-35,Left,Sales,Female,3. 6K-10K,Sales Executive,No Overtime,3. 6-10 yrs,1,6696,6
26-35,Left,Research & Development,Male,1. Under 3K,Research Scientist,No Overtime,3. 6-10 yrs,1,2058,6
36-45,Stayed,Sales,Female,3. 6K-10K,Sales Executive,No Overtime,4. 10+ yrs,0,8865,19
46-60,Stayed,Sales,Female,2. 3K-6K,Sales Executive,No Overtime,3. 6-10 yrs,0,5940,6
36-45,Stayed,Research & Development,Male,2. 3K-6K,Laboratory Technician,No Overtime,4. 10+ yrs,0,5914,13
26-35,Stayed,Research & Development,Female,1. Under 3K,Research Scientist,No Overtime,2. 3-5 yrs,0,2622,3
36-45,Stayed,Research & Development,Male,4. Above 10K,Research Director,Overtime,3. 6-10 yrs,0,12185,10
36-45,Stayed,Sales,Male,4. Above 10K,Sales Executive,No Overtime,4. 10+ yrs,0,10609,16
26-35,Stayed,Research & Development,Male,2. 3K-6K,Manufacturing Director,No Overtime,2. 3-5 yrs,0,4345,5
46-60,Stayed,Research & Development,Male,1. Under 3K,Research Scientist,No Overtime,1. 0-2 yrs,0,2177,1
36-45,Stayed,Sales,Male,1. Under 3K,Sales Representative,No Overtime,3. 6-10 yrs,0,2793,9
26-35,Stayed,Sales,Female,3. 6K-10K,Sales Executive,No Overtime,4. 10+ yrs,0,7918,11
26-35,Stayed,Sales,Female,3. 6K-10K,Sales Executive,No Overtime,3. 6-10 yrs,0,8789,10
26-35,Left,Research & Development,Male,1. Under 3K,Research Scientist,Overtime,2. 3-5 yrs,1,2389,4
46-60,Stayed,Research & Development,Female,2. 3K-6K,Laboratory Technician,No Overtime,1. 0-2 yrs,0,3212,2
36-45,Stayed,Research & Development,Male,4. Above 10K,Manager,No Overtime,4. 10+ yrs,0,19232,22
46-60,Stayed,Human Resources,Male,1. Under 3K,Human Resources,No Overtime,1. 0-2 yrs,0,2267,2
46-60,Stayed,Sales,Female,4. Above 10K,Manager,No Overtime,3. 6-10 yrs,0,19517,7
26-35,Left,Research & Development,Male,1. Under 3K,Laboratory Technician,Overtime,2. 3-5 yrs,1,2436,5
36-45,Stayed,Sales,Female,4. Above 10K,Manager,Overtime,4. 10+ yrs,0,16064,17
26-35,Left,Research & Development,Female,1. Under 3K,Laboratory Technician,No Overtime,3. 6-10 yrs,1,2707,9
46-60,Stayed,Sales,Male,4. Above 10K,Manager,Overtime,4. 10+ yrs,0,19068,33
26-35,Stayed,Sales,Female,2. 3K-6K,Sales Representative,No Overtime,2. 3-5 yrs,0,3931,4
26-35,Left,Research & Development,Male,2. 3K-6K,Laboratory Technician,Overtime,2. 3-5 yrs,1,3730,3
36-45,Stayed,Research & Development,Female,1. Under 3K,Laboratory Technician,No Overtime,2. 3-5 yrs,0,2232,3
26-35,Stayed,Sales,Male,2. 3K-6K,Sales Executive,No Overtime,2. 3-5 yrs,0,4465,3
36-45,Stayed,Research & Development,Male,2. 3K-6K,Research Scientist,No Overtime,1. 0-2 yrs,0,3072,1
36-45,Stayed,Research & Development,Male,2. 3K-6K,Research Scientist,No Overtime,3. 6-10 yrs,0,3319,9
36-45,Stayed,Research & Development,Male,4. Above 10K,Manager,No Overtime,4. 10+ yrs,0,19202,24
26-35,Stayed,Research & Development,Male,4. Above 10K,Research Director,No Overtime,1. 0-2 yrs,0,13675,2
26-35,Stayed,Research & Development,Female,1. Under 3K,Research Scientist,No Overtime,1. 0-2 yrs,0,2911,2
26-35,Stayed,Research & Development,Male,2. 3K-6K,Manufacturing Director,No Overtime,4. 10+ yrs,0,5957,11
36-45,Stayed,Research & Development,Female,2. 3K-6K,Research Scientist,No Overtime,2. 3-5 yrs,0,3920,3
36-45,Stayed,Research & Development,Male,3. 6K-10K,Manufacturing Director,No Overtime,2. 3-5 yrs,0,6434,3
36-45,Left,Research & Development,Male,4. Above 10K,Manufacturing Director,No Overtime,1. 0-2 yrs,1,10048,1
36-45,Stayed,Research & Development,Female,4. Above 10K,Healthcare Representative,No Overtime,4. 10+ yrs,0,10938,19
26-35,Stayed,Research & Development,Male,1. Under 3K,Research Scientist,No Overtime,3. 6-10 yrs,0,2340,6
36-45,Stayed,Research & Development,Female,3. 6K-10K,Research Scientist,Overtime,2. 3-5 yrs,0,6545,3
26-35,Stayed,Sales,Male,3. 6K-10K,Sales Executive,No Overtime,2. 3-5 yrs,0,6931,3
18-25,Stayed,Research & Development,Female,2. 3K-6K,Manufacturing Director,No Overtime,2. 3-5 yrs,0,4898,4
36-45,Stayed,Research & Development,Female,1. Under 3K,Laboratory Technician,Overtime,3. 6-10 yrs,0,2593,9
36-45,Stayed,Research & Development,Male,4. Above 10K,Research Director,No Overtime,4. 10+ yrs,0,19436,21
46-60,Stayed,Research & Development,Male,1. Under 3K,Research Scientist,No Overtime,1. 0-2 yrs,0,2723,1
26-35,Left,Research & Development,Male,2. 3K-6K,Laboratory Technician,No Overtime,2. 3-5 yrs,1,3479,5
26-35,Stayed,Research & Development,Male,1. Under 3K,Laboratory Technician,No Overtime,2. 3-5 yrs,0,2794,5
36-45,Stayed,Sales,Male,2. 3K-6K,Sales Executive,No Overtime,3. 6-10 yrs,0,5249,8
26-35,Stayed,Research & Development,Male,1. Under 3K,Laboratory Technician,No Overtime,3. 6-10 yrs,0,2176,6
46-60,Stayed,Sales,Female,4. Above 10K,Manager,Overtime,3. 6-10 yrs,0,16872,7
26-35,Left,Research & Development,Male,2. 3K-6K,Laboratory Technician,No Overtime,1. 0-2 yrs,1,3485,0
26-35,Stayed,Sales,Male,3. 6K-10K,Sales Executive,No Overtime,1. 0-2 yrs,0,6644,0
26-35,Stayed,Research & Development,Male,2. 3K-6K,Healthcare Representative,No Overtime,3. 6-10 yrs,0,5582,9
18-25,Stayed,Research & Development,Male,2. 3K-6K,Healthcare Representative,No Overtime,3. 6-10 yrs,0,4000,6
36-45,Stayed,Research & Development,Male,4. Above 10K,Healthcare Representative,Overtime,4. 10+ yrs,0,13496,20
36-45,Stayed,Research & Development,Male,2. 3K-6K,Laboratory Technician,No Overtime,4. 10+ yrs,0,3210,15
46-60,Stayed,Research & Development,Male,4. Above 10K,Manager,Overtime,4. 10+ yrs,0,19045,36
46-60,Left,Research & Development,Male,4. Above 10K,Manager,Overtime,3. 6-10 yrs,1,11849,10
26-35,Stayed,Research & Development,Male,1. Under 3K,Research Scientist,No Overtime,2. 3-5 yrs,0,2070,5
36-45,Stayed,Sales,Male,3. 6K-10K,Sales Executive,No Overtime,2. 3-5 yrs,0,6502,5
18-25,Stayed,Research & Development,Male,2. 3K-6K,Research Scientist,No Overtime,2. 3-5 yrs,0,3230,3
36-45,Stayed,Research & Development,Female,4. Above 10K,Research Director,Overtime,2. 3-5 yrs,0,13603,5
26-35,Stayed,Research & Development,Female,4. Above 10K,Manager,No Overtime,3. 6-10 yrs,0,11996,7
36-45,Stayed,Sales,Female,2. 3K-6K,Sales Executive,Overtime,3. 6-10 yrs,0,5605,8
26-35,Stayed,Research & Development,Female,3. 6K-10K,Manufacturing Director,No Overtime,3. 6-10 yrs,0,6397,6
46-60,Stayed,Research & Development,Male,4. Above 10K,Research Director,No Overtime,3. 6-10 yrs,0,19144,10
46-60,Stayed,Research & Development,Male,4. Above 10K,Research Director,Overtime,2. 3-5 yrs,0,17584,5
36-45,Stayed,Sales,Male,2. 3K-6K,Sales Executive,No Overtime,4. 10+ yrs,0,4907,20
26-35,Stayed,Sales,Male,2. 3K-6K,Sales Executive,No Overtime,3. 6-10 yrs,0,4554,10
46-60,Stayed,Research & Development,Male,2. 3K-6K,Laboratory Technician,Overtime,3. 6-10 yrs,0,5415,10
26-35,Stayed,Research & Development,Male,2. 3K-6K,Healthcare Representative,Overtime,2. 3-5 yrs,0,4741,5
36-45,Stayed,Research & Development,Female,1. Under 3K,Research Scientist,No Overtime,4. 10+ yrs,0,2115,17
36-45,Left,Research & Development,Male,2. 3K-6K,Laboratory Technician,Overtime,1. 0-2 yrs,1,3161,1
36-45,Stayed,Research & Development,Male,2. 3K-6K,Healthcare Representative,No Overtime,1. 0-2 yrs,0,5745,2
26-35,Left,Research & Development,Male,1. Under 3K,Laboratory Technician,Overtime,2. 3-5 yrs,1,2373,3
26-35,Stayed,Research & Development,Female,2. 3K-6K,Research Scientist,No Overtime,2. 3-5 yrs,0,3310,5
46-60,Stayed,Research & Development,Female,4. Above 10K,Research Director,Overtime,2. 3-5 yrs,0,18665,3
36-45,Stayed,Research & Development,Male,2. 3K-6K,Research Scientist,No Overtime,3. 6-10 yrs,0,4485,8
26-35,Stayed,Sales,Female,1. Under 3K,Sales Representative,No Overtime,1. 0-2 yrs,0,2789,2
26-35,Left,Sales,Male,2. 3K-6K,Sales Executive,Overtime,3. 6-10 yrs,1,5828,8
36-45,Stayed,Research & Development,Male,1. Under 3K,Research Scientist,Overtime,2. 3-5 yrs,0,2326,4
36-45,Stayed,Sales,Female,4. Above 10K,Sales Executive,No Overtime,4. 10+ yrs,0,13525,20
18-25,Left,Research & Development,Male,1. Under 3K,Laboratory Technician,No Overtime,1. 0-2 yrs,1,1420,0
26-35,Stayed,Sales,Male,3. 6K-10K,Sales Executive,No Overtime,4. 10+ yrs,0,8020,11
36-45,Stayed,Research & Development,Male,2. 3K-6K,Laboratory Technician,No Overtime,1. 0-2 yrs,0,3688,1
46-60,Stayed,Research & Development,Male,2. 3K-6K,Manufacturing Director,No Overtime,2. 3-5 yrs,0,5482,4
36-45,Stayed,Sales,Male,4. Above 10K,Manager,No Overtime,4. 10+ yrs,0,16015,22
18-25,Stayed,Sales,Female,1. Under 3K,Sales Representative,No Overtime,1. 0-2 yrs,0,1200,0
26-35,Stayed,Research & Development,Male,2. 3K-6K,Healthcare Representative,No Overtime,3. 6-10 yrs,0,5661,8
26-35,Stayed,Sales,Male,3. 6K-10K,Sales Executive,No Overtime,3. 6-10 yrs,0,6929,8
36-45,Stayed,Research & Development,Male,3. 6K-10K,Healthcare Representative,No Overtime,4. 10+ yrs,0,9613,18
36-45,Stayed,Research & Development,Female,2. 3K-6K,Laboratory Technician,No Overtime,3. 6-10 yrs,0,5674,9
26-35,Stayed,Sales,Male,2. 3K-6K,Sales Executive,No Overtime,4. 10+ yrs,0,5484,13
36-45,Stayed,Research & Development,Female,4. Above 10K,Research Director,No Overtime,3. 6-10 yrs,0,12061,10
46-60,Stayed,Research & Development,Male,2. 3K-6K,Healthcare Representative,Overtime,2. 3-5 yrs,0,5660,5
26-35,Stayed,Research & Development,Male,2. 3K-6K,Research Scientist,Overtime,2. 3-5 yrs,0,4821,5
26-35,Stayed,Human Resources,Male,3. 6K-10K,Human Resources,No Overtime,1. 0-2 yrs,0,6410,2
36-45,Stayed,Research & Development,Male,2. 3K-6K,Laboratory Technician,No Overtime,4. 10+ yrs,0,5210,24
26-35,Stayed,Research & Development,Male,1. Under 3K,Research Scientist,Overtime,1. 0-2 yrs,0,2695,2
26-35,Stayed,Research & Development,Female,4. Above 10K,Manager,No Overtime,3. 6-10 yrs,0,11878,10
36-45,Stayed,Research & Development,Male,4. Above 10K,Manager,Overtime,4. 10+ yrs,0,17068,21
36-45,Stayed,Research & Development,Female,1. Under 3K,Laboratory Technician,No Overtime,3. 6-10 yrs,0,2455,8
46-60,Stayed,Research & Development,Female,4. Above 10K,Healthcare Representative,Overtime,3. 6-10 yrs,0,13964,7
46-60,Left,Research & Development,Male,2. 3K-6K,Research Scientist,No Overtime,3. 6-10 yrs,1,4941,8
26-35,Stayed,Research & Development,Female,1. Under 3K,Research Scientist,Overtime,2. 3-5 yrs,0,2478,4
26-35,Stayed,Sales,Female,2. 3K-6K,Sales Executive,Overtime,4. 10+ yrs,0,5228,13
26-35,Stayed,Sales,Male,2. 3K-6K,Sales Executive,Overtime,2. 3-5 yrs,0,4478,5
26-35,Stayed,Sales,Male,3. 6K-10K,Sales Executive,No Overtime,3. 6-10 yrs,0,7547,7
26-35,Stayed,Research & Development,Female,2. 3K-6K,Research Scientist,No Overtime,3. 6-10 yrs,0,5055,7
26-35,Left,Research & Development,Male,2. 3K-6K,Research Scientist,Overtime,2. 3-5 yrs,1,3464,3
26-35,Stayed,Research & Development,Female,2. 3K-6K,Research Scientist,No Overtime,3. 6-10 yrs,0,5775,10
26-35,Stayed,Research & Development,Female,3. 6K-10K,Manufacturing Director,No Overtime,3. 6-10 yrs,0,8943,10
36-45,Stayed,Research & Development,Male,4. Above 10K,Manager,No Overtime,4. 10+ yrs,0,19272,21
36-45,Left,Sales,Female,2. 3K-6K,Sales Executive,Overtime,1. 0-2 yrs,1,5238,1
26-35,Stayed,Sales,Male,2. 3K-6K,Sales Executive,No Overtime,3. 6-10 yrs,0,4682,7
46-60,Stayed,Research & Development,Male,4. Above 10K,Research Director,No Overtime,2. 3-5 yrs,0,18300,3
36-45,Stayed,Research & Development,Female,2. 3K-6K,Laboratory Technician,No Overtime,3. 6-10 yrs,0,5257,9
26-35,Stayed,Sales,Male,3. 6K-10K,Sales Executive,Overtime,2. 3-5 yrs,0,6349,5
46-60,Stayed,Research & Development,Female,2. 3K-6K,Research Scientist,No Overtime,2. 3-5 yrs,0,4869,4
36-45,Stayed,Research & Development,Female,3. 6K-10K,Healthcare Representative,No Overtime,1. 0-2 yrs,0,9985,1
36-45,Stayed,Research & Development,Male,2. 3K-6K,Research Scientist,No Overtime,3. 6-10 yrs,0,3697,10
36-45,Stayed,Sales,Male,3. 6K-10K,Sales Executive,Overtime,2. 3-5 yrs,0,7457,4
26-35,Left,Research & Development,Male,1. Under 3K,Laboratory Technician,Overtime,3. 6-10 yrs,1,2119,7
26-35,Stayed,Research & Development,Male,2. 3K-6K,Laboratory Technician,No Overtime,2. 3-5 yrs,0,3983,3
26-35,Stayed,Sales,Female,3. 6K-10K,Sales Executive,No Overtime,3. 6-10 yrs,0,6118,10
26-35,Stayed,Sales,Female,3. 6K-10K,Sales Executive,No Overtime,3. 6-10 yrs,0,6214,8
36-45,Stayed,Research & Development,Male,3. 6K-10K,Manufacturing Director,No Overtime,3. 6-10 yrs,0,6347,6
36-45,Stayed,Research & Development,Male,4. Above 10K,Research Director,Overtime,4. 10+ yrs,0,11510,11
26-35,Stayed,Research & Development,Female,3. 6K-10K,Manufacturing Director,Overtime,4. 10+ yrs,0,7143,11
26-35,Stayed,Sales,Female,3. 6K-10K,Sales Executive,Overtime,3. 6-10 yrs,0,8268,7
26-35,Stayed,Research & Development,Male,3. 6K-10K,Manufacturing Director,No Overtime,4. 10+ yrs,0,8095,16
18-25,Stayed,Research & Development,Male,1. Under 3K,Research Scientist,No Overtime,2. 3-5 yrs,0,2904,4
36-45,Stayed,Research & Development,Male,3. 6K-10K,Manufacturing Director,Overtime,2. 3-5 yrs,0,6032,5
46-60,Stayed,Sales,Male,1. Under 3K,Sales Representative,No Overtime,1. 0-2 yrs,0,2976,0
36-45,Stayed,Research & Development,Female,4. Above 10K,Research Director,No Overtime,1. 0-2 yrs,0,15992,1
26-35,Stayed,Sales,Male,2. 3K-6K,Sales Executive,No Overtime,2. 3-5 yrs,0,4649,4
36-45,Stayed,Human Resources,Male,1. Under 3K,Human Resources,Overtime,2. 3-5 yrs,0,2696,3
26-35,Stayed,Research & Development,Female,1. Under 3K,Laboratory Technician,No Overtime,3. 6-10 yrs,0,2370,8
46-60,Stayed,Sales,Female,4. Above 10K,Manager,No Overtime,1. 0-2 yrs,0,12504,0
36-45,Stayed,Research & Development,Male,2. 3K-6K,Research Scientist,Overtime,3. 6-10 yrs,0,5974,7
26-35,Stayed,Sales,Female,2. 3K-6K,Sales Executive,Overtime,1. 0-2 yrs,0,4736,2
26-35,Stayed,Sales,Male,2. 3K-6K,Sales Executive,No Overtime,3. 6-10 yrs,0,5296,8
36-45,Stayed,Research & Development,Male,3. 6K-10K,Healthcare Representative,No Overtime,1. 0-2 yrs,0,6781,1
18-25,Left,Sales,Female,1. Under 3K,Sales Representative,Overtime,2. 3-5 yrs,1,2174,3
36-45,Stayed,Sales,Female,3. 6K-10K,Sales Executive,No Overtime,1. 0-2 yrs,0,6653,1
36-45,Stayed,Sales,Male,3. 6K-10K,Sales Executive,No Overtime,4. 10+ yrs,0,9699,13
46-60,Stayed,Research & Development,Male,3. 6K-10K,Healthcare Representative,No Overtime,2. 3-5 yrs,0,6755,3
36-45,Stayed,Research & Development,Female,1. Under 3K,Laboratory Technician,Overtime,3. 6-10 yrs,0,2213,7
18-25,Stayed,Sales,Male,1. Under 3K,Sales Representative,No Overtime,2. 3-5 yrs,0,2610,3
26-35,Left,Sales,Female,1. Under 3K,Sales Representative,Overtime,1. 0-2 yrs,1,2851,1
36-45,Stayed,Research & Development,Female,2. 3K-6K,Laboratory Technician,No Overtime,2. 3-5 yrs,0,3452,5
46-60,Stayed,Research & Development,Female,2. 3K-6K,Manufacturing Director,No Overtime,1. 0-2 yrs,0,5258,1
36-45,Left,Sales,Male,3. 6K-10K,Sales Executive,No Overtime,3. 6-10 yrs,1,9355,8
46-60,Stayed,Research & Development,Male,4. Above 10K,Healthcare Representative,No Overtime,2. 3-5 yrs,0,10496,4
36-45,Left,Sales,Male,3. 6K-10K,Sales Executive,Overtime,3. 6-10 yrs,1,6380,6
26-35,Stayed,Research & Development,Male,1. Under 3K,Research Scientist,Overtime,1. 0-2 yrs,0,2657,2
18-25,Left,Sales,Female,1. Under 3K,Sales Representative,No Overtime,1. 0-2 yrs,1,2716,1
26-35,Stayed,Research & Development,Male,1. Under 3K,Research Scientist,No Overtime,2. 3-5 yrs,0,2201,3
26-35,Stayed,Research & Development,Male,3. 6K-10K,Healthcare Representative,No Overtime,1. 0-2 yrs,0,6540,1
26-35,Stayed,Research & Development,Male,2. 3K-6K,Laboratory Technician,No Overtime,2. 3-5 yrs,0,3816,5
26-35,Stayed,Sales,Male,2. 3K-6K,Sales Executive,No Overtime,3. 6-10 yrs,0,5253,7
46-60,Stayed,Research & Development,Male,4. Above 10K,Healthcare Representative,No Overtime,2. 3-5 yrs,0,10965,5
46-60,Stayed,Sales,Female,2. 3K-6K,Sales Executive,No Overtime,3. 6-10 yrs,0,4936,7
36-45,Stayed,Research & Development,Female,1. Under 3K,Research Scientist,No Overtime,1. 0-2 yrs,0,2543,2
26-35,Left,Sales,Male,2. 3K-6K,Sales Executive,Overtime,2. 3-5 yrs,1,5304,5
46-60,Stayed,Research & Development,Female,4. Above 10K,Manager,Overtime,2. 3-5 yrs,0,16659,5
18-25,Stayed,Sales,Female,2. 3K-6K,Sales Executive,Overtime,2. 3-5 yrs,0,4260,5
26-35,Stayed,Sales,Male,1. Under 3K,Sales Representative,No Overtime,1. 0-2 yrs,0,2476,1
26-35,Left,Research & Development,Male,2. 3K-6K,Research Scientist,No Overtime,3. 6-10 yrs,1,3102,6
18-25,Stayed,Research & Development,Female,1. Under 3K,Research Scientist,No Overtime,1. 0-2 yrs,0,2244,2
36-45,Stayed,Sales,Male,3. 6K-10K,Sales Executive,No Overtime,3. 6-10 yrs,0,7596,10
26-35,Left,Research & Development,Male,1. Under 3K,Research Scientist,Overtime,1. 0-2 yrs,1,2285,1
36-45,Stayed,Research & Development,Female,2. 3K-6K,Laboratory Technician,No Overtime,4. 10+ yrs,0,3034,18
36-45,Stayed,Sales,Female,2. 3K-6K,Sales Executive,No Overtime,2. 3-5 yrs,0,5715,5
36-45,Stayed,Research & Development,Female,1. Under 3K,Laboratory Technician,No Overtime,2. 3-5 yrs,0,2576,5
36-45,Stayed,Research & Development,Male,2. 3K-6K,Manufacturing Director,Overtime,1. 0-2 yrs,0,4197,1
36-45,Stayed,Research & Development,Male,4. Above 10K,Research Director,No Overtime,4. 10+ yrs,0,14336,25
36-45,Stayed,Research & Development,Female,2. 3K-6K,Laboratory Technician,No Overtime,1. 0-2 yrs,0,3448,1
46-60,Stayed,Research & Development,Male,4. Above 10K,Research Director,No Overtime,2. 3-5 yrs,0,19406,4
26-35,Stayed,Sales,Female,3. 6K-10K,Sales Executive,No Overtime,2. 3-5 yrs,0,6538,3
26-35,Stayed,Research & Development,Female,2. 3K-6K,Manufacturing Director,No Overtime,4. 10+ yrs,0,4306,13
36-45,Stayed,Research & Development,Male,1. Under 3K,Laboratory Technician,No Overtime,2. 3-5 yrs,0,2258,3
36-45,Stayed,Research & Development,Female,2. 3K-6K,Healthcare Representative,Overtime,2. 3-5 yrs,0,4522,5
18-25,Stayed,Sales,Female,2. 3K-6K,Sales Executive,Overtime,2. 3-5 yrs,0,4487,5
36-45,Stayed,Research & Development,Female,2. 3K-6K,Research Scientist,Overtime,4. 10+ yrs,0,4449,13
26-35,Stayed,Research & Development,Male,1. Under 3K,Laboratory Technician,No Overtime,2. 3-5 yrs,0,2218,4
36-45,Stayed,Research & Development,Male,4. Above 10K,Manager,Overtime,4. 10+ yrs,0,19197,21
46-60,Stayed,Sales,Female,4. Above 10K,Sales Executive,No Overtime,3. 6-10 yrs,0,13212,7
26-35,Stayed,Sales,Female,3. 6K-10K,Sales Executive,No Overtime,2. 3-5 yrs,0,6577,5
36-45,Stayed,Sales,Male,3. 6K-10K,Sales Executive,No Overtime,3. 6-10 yrs,0,8392,10
26-35,Stayed,Research & Development,Male,2. 3K-6K,Laboratory Technician,No Overtime,3. 6-10 yrs,0,4558,10
18-25,Left,Research & Development,Male,2. 3K-6K,Laboratory Technician,No Overtime,1. 0-2 yrs,1,4031,2
46-60,Stayed,Research & Development,Male,3. 6K-10K,Manufacturing Director,Overtime,2. 3-5 yrs,0,7969,5
36-45,Stayed,Research & Development,Male,1. Under 3K,Research Scientist,No Overtime,1. 0-2 yrs,0,2654,2
46-60,Stayed,Research & Development,Female,4. Above 10K,Manager,No Overtime,2. 3-5 yrs,0,16555,5
36-45,Stayed,Research & Development,Female,2. 3K-6K,Research Scientist,No Overtime,2. 3-5 yrs,0,4556,5
26-35,Stayed,Research & Development,Female,3. 6K-10K,Manufacturing Director,No Overtime,2. 3-5 yrs,0,6091,5
46-60,Stayed,Research & Development,Female,4. Above 10K,Manager,No Overtime,4. 10+ yrs,0,19566,29
46-60,Stayed,Research & Development,Female,2. 3K-6K,Manufacturing Director,No Overtime,3. 6-10 yrs,0,4810,10
36-45,Stayed,Research & Development,Female,2. 3K-6K,Healthcare Representative,No Overtime,3. 6-10 yrs,0,4523,6
18-25,Left,Sales,Female,2. 3K-6K,Sales Representative,Overtime,2. 3-5 yrs,1,3202,5
26-35,Left,Sales,Female,1. Under 3K,Sales Representative,No Overtime,1. 0-2 yrs,1,2351,2
36-45,Stayed,Research & Development,Male,1. Under 3K,Laboratory Technician,Overtime,1. 0-2 yrs,0,1702,1
36-45,Stayed,Sales,Female,4. Above 10K,Manager,No Overtime,4. 10+ yrs,0,18041,20
26-35,Stayed,Research & Development,Female,1. Under 3K,Research Scientist,No Overtime,2. 3-5 yrs,0,2886,3
26-35,Stayed,Research & Development,Male,1. Under 3K,Laboratory Technician,No Overtime,2. 3-5 yrs,0,2097,5
26-35,Stayed,Research & Development,Male,4. Above 10K,Research Director,No Overtime,3. 6-10 yrs,0,11935,10
26-35,Left,Research & Development,Female,1. Under 3K,Research Scientist,No Overtime,1. 0-2 yrs,1,2546,2
18-25,Left,Human Resources,Male,1. Under 3K,Human Resources,No Overtime,1. 0-2 yrs,1,2564,1
26-35,Stayed,Sales,Female,3. 6K-10K,Sales Executive,No Overtime,3. 6-10 yrs,0,8412,9
46-60,Stayed,Sales,Male,4. Above 10K,Manager,No Overtime,1. 0-2 yrs,0,14118,1
46-60,Stayed,Research & Development,Male,4. Above 10K,Manager,No Overtime,4. 10+ yrs,0,17046,27
26-35,Stayed,Research & Development,Female,1. Under 3K,Laboratory Technician,No Overtime,4. 10+ yrs,0,2564,11
46-60,Stayed,Sales,Female,4. Above 10K,Sales Executive,No Overtime,4. 10+ yrs,0,10266,18
46-60,Stayed,Research & Development,Female,2. 3K-6K,Manufacturing Director,No Overtime,2. 3-5 yrs,0,5070,5
46-60,Stayed,Research & Development,Male,4. Above 10K,Research Director,No Overtime,2. 3-5 yrs,0,17861,3
26-35,Stayed,Research & Development,Male,2. 3K-6K,Laboratory Technician,No Overtime,2. 3-5 yrs,0,4230,5
46-60,Stayed,Research & Development,Female,2. 3K-6K,Laboratory Technician,No Overtime,1. 0-2 yrs,0,3780,1
26-35,Stayed,Research & Development,Male,1. Under 3K,Research Scientist,No Overtime,3. 6-10 yrs,0,2768,7
46-60,Stayed,Sales,Female,3. 6K-10K,Sales Executive,Overtime,2. 3-5 yrs,0,9071,3
26-35,Stayed,Research & Development,Male,4. Above 10K,Manufacturing Director,No Overtime,4. 10+ yrs,0,10648,13
26-35,Left,Research & Development,Male,4. Above 10K,Manager,Overtime,3. 6-10 yrs,1,13610,7
26-35,Left,Research & Development,Male,2. 3K-6K,Laboratory Technician,No Overtime,2. 3-5 yrs,1,3408,4
26-35,Stayed,Sales,Male,1. Under 3K,Sales Representative,No Overtime,2. 3-5 yrs,0,2983,3
26-35,Stayed,Research & Development,Male,3. 6K-10K,Healthcare Representative,Overtime,3. 6-10 yrs,0,7632,8
26-35,Left,Research & Development,Male,3. 6K-10K,Healthcare Representative,No Overtime,1. 0-2 yrs,1,9824,1
26-35,Left,Human Resources,Female,3. 6K-10K,Human Resources,Overtime,2. 3-5 yrs,1,9950,3
36-45,Stayed,Research & Development,Male,1. Under 3K,Laboratory Technician,No Overtime,1. 0-2 yrs,0,2093,2
36-45,Stayed,Sales,Male,3. 6K-10K,Sales Executive,No Overtime,3. 6-10 yrs,0,9980,10
18-25,Left,Research & Development,Male,2. 3K-6K,Laboratory Technician,No Overtime,1. 0-2 yrs,1,3894,2
46-60,Stayed,Sales,Female,2. 3K-6K,Sales Executive,No Overtime,3. 6-10 yrs,0,4051,9
46-60,Stayed,Sales,Female,4. Above 10K,Manager,No Overtime,3. 6-10 yrs,0,16835,10
36-45,Stayed,Sales,Male,3. 6K-10K,Sales Executive,No Overtime,4. 10+ yrs,0,6230,14
26-35,Stayed,Sales,Male,2. 3K-6K,Sales Executive,No Overtime,4. 10+ yrs,0,4717,11
36-45,Stayed,Research & Development,Female,4. Above 10K,Manufacturing Director,No Overtime,4. 10+ yrs,0,13237,20
36-45,Stayed,Research & Development,Female,2. 3K-6K,Laboratory Technician,No Overtime,3. 6-10 yrs,0,3755,8
26-35,Stayed,Sales,Male,3. 6K-10K,Sales Executive,Overtime,3. 6-10 yrs,0,6582,6
36-45,Stayed,Research & Development,Male,3. 6K-10K,Manufacturing Director,Overtime,3. 6-10 yrs,0,7406,10
36-45,Stayed,Sales,Male,2. 3K-6K,Sales Executive,No Overtime,3. 6-10 yrs,0,4805,8
26-35,Left,Human Resources,Female,1. Under 3K,Human Resources,Overtime,3. 6-10 yrs,1,2741,7
26-35,Stayed,Research & Development,Male,2. 3K-6K,Manufacturing Director,No Overtime,2. 3-5 yrs,0,4262,3
26-35,Stayed,Research & Development,Female,4. Above 10K,Research Director,No Overtime,3. 6-10 yrs,0,16184,6
26-35,Stayed,Sales,Male,4. Above 10K,Manager,No Overtime,2. 3-5 yrs,0,11557,5
18-25,Left,Sales,Male,1. Under 3K,Sales Representative,Overtime,1. 0-2 yrs,1,1878,0
36-45,Stayed,Sales,Male,4. Above 10K,Sales Executive,No Overtime,1. 0-2 yrs,0,10932,1
36-45,Stayed,Research & Development,Female,3. 6K-10K,Healthcare Representative,Overtime,3. 6-10 yrs,0,6811,8
26-35,Stayed,Sales,Male,2. 3K-6K,Sales Executive,No Overtime,1. 0-2 yrs,0,4306,0
26-35,Stayed,Sales,Female,2. 3K-6K,Sales Executive,No Overtime,2. 3-5 yrs,0,4859,5
26-35,Stayed,Sales,Male,2. 3K-6K,Sales Executive,No Overtime,3. 6-10 yrs,0,5337,10
26-35,Left,Research & Development,Male,1. Under 3K,Laboratory Technician,Overtime,1. 0-2 yrs,1,2340,1
36-45,Stayed,Research & Development,Female,3. 6K-10K,Manufacturing Director,No Overtime,3. 6-10 yrs,0,7491,6
46-60,Stayed,Research & Development,Female,4. Above 10K,Healthcare Representative,No Overtime,1. 0-2 yrs,0,10527,2
36-45,Stayed,Sales,Female,4. Above 10K,Manager,No Overtime,4. 10+ yrs,0,16595,18
36-45,Stayed,Sales,Male,3. 6K-10K,Sales Executive,No Overtime,3. 6-10 yrs,0,8834,9
46-60,Stayed,Research & Development,Male,2. 3K-6K,Research Scientist,Overtime,3. 6-10 yrs,0,5577,10
26-35,Left,Sales,Male,2. 3K-6K,Sales Executive,No Overtime,2. 3-5 yrs,1,4707,4
18-25,Stayed,Sales,Male,1. Under 3K,Sales Representative,No Overtime,1. 0-2 yrs,0,2400,2
36-45,Stayed,Research & Development,Female,3. 6K-10K,Healthcare Representative,No Overtime,1. 0-2 yrs,0,9824,1
36-45,Stayed,Research & Development,Female,3. 6K-10K,Manufacturing Director,No Overtime,3. 6-10 yrs,0,6447,6
46-60,Stayed,Research & Development,Male,4. Above 10K,Research Director,Overtime,4. 10+ yrs,0,19502,31
18-25,Stayed,Research & Development,Male,1. Under 3K,Research Scientist,Overtime,3. 6-10 yrs,0,2725,6
26-35,Stayed,Sales,Male,3. 6K-10K,Sales Executive,No Overtime,2. 3-5 yrs,0,6272,5
18-25,Stayed,Research & Development,Male,1. Under 3K,Laboratory Technician,No Overtime,1. 0-2 yrs,0,2127,1
46-60,Stayed,Human Resources,Male,4. Above 10K,Manager,No Overtime,4. 10+ yrs,0,18200,32
18-25,Stayed,Sales,Male,1. Under 3K,Sales Representative,No Overtime,3. 6-10 yrs,0,2096,7
18-25,Left,Research & Development,Female,1. Under 3K,Laboratory Technician,Overtime,3. 6-10 yrs,1,2886,6
26-35,Left,Sales,Male,1. Under 3K,Sales Representative,No Overtime,1. 0-2 yrs,1,2033,1
26-35,Stayed,Research & Development,Male,2. 3K-6K,Research Scientist,Overtime,3. 6-10 yrs,0,3622,6
26-35,Left,Sales,Male,2. 3K-6K,Sales Executive,No Overtime,2. 3-5 yrs,1,4233,3
26-35,Stayed,Research & Development,Male,2. 3K-6K,Laboratory Technician,No Overtime,2. 3-5 yrs,0,3681,3
26-35,Stayed,Sales,Male,2. 3K-6K,Sales Executive,No Overtime,3. 6-10 yrs,0,5460,7
26-35,Stayed,Research & Development,Female,1. Under 3K,Research Scientist,No Overtime,2. 3-5 yrs,0,2187,5
36-45,Stayed,Sales,Male,3. 6K-10K,Sales Executive,Overtime,2. 3-5 yrs,0,9602,3
18-25,Stayed,Research & Development,Female,1. Under 3K,Research Scientist,No Overtime,1. 0-2 yrs,0,2836,1
36-45,Stayed,Research & Development,Female,2. 3K-6K,Healthcare Representative,No Overtime,3. 6-10 yrs,0,4089,10
36-45,Stayed,Research & Development,Male,4. Above 10K,Research Director,Overtime,1. 0-2 yrs,0,16627,1
36-45,Stayed,Research & Development,Female,1. Under 3K,Research Scientist,No Overtime,1. 0-2 yrs,0,2619,0
36-45,Stayed,Research & Development,Male,2. 3K-6K,Laboratory Technician,Overtime,3. 6-10 yrs,0,5679,8
46-60,Stayed,Research & Development,Female,4. Above 10K,Manager,No Overtime,2. 3-5 yrs,0,15402,3
36-45,Stayed,Human Resources,Female,2. 3K-6K,Human Resources,No Overtime,1. 0-2 yrs,0,5985,2
26-35,Stayed,Sales,Female,1. Under 3K,Sales Representative,Overtime,3. 6-10 yrs,0,2579,8
26-35,Left,Sales,Male,2. 3K-6K,Sales Representative,No Overtime,2. 3-5 yrs,1,3041,4
18-25,Stayed,Sales,Male,2. 3K-6K,Sales Representative,No Overtime,2. 3-5 yrs,0,3447,3
36-45,Stayed,Research & Development,Male,4. Above 10K,Manager,Overtime,1. 0-2 yrs,0,19513,2
18-25,Stayed,Research & Development,Male,1. Under 3K,Research Scientist,No Overtime,1. 0-2 yrs,0,2773,2
26-35,Stayed,Sales,Male,3. 6K-10K,Sales Executive,No Overtime,2. 3-5 yrs,0,7104,5
26-35,Stayed,Research & Development,Female,3. 6K-10K,Research Scientist,Overtime,3. 6-10 yrs,0,6322,6
26-35,Stayed,Research & Development,Female,1. Under 3K,Research Scientist,No Overtime,1. 0-2 yrs,0,2083,1
46-60,Stayed,Sales,Female,3. 6K-10K,Sales Executive,No Overtime,4. 10+ yrs,0,8381,14
26-35,Stayed,Research & Development,Male,1. Under 3K,Research Scientist,No Overtime,3. 6-10 yrs,0,2691,10
36-45,Left,Sales,Female,2. 3K-6K,Sales Executive,No Overtime,1. 0-2 yrs,1,4286,1
26-35,Stayed,Research & Development,Female,1. Under 3K,Laboratory Technician,Overtime,2. 3-5 yrs,0,2659,3
36-45,Stayed,Research & Development,Male,3. 6K-10K,Manufacturing Director,No Overtime,3. 6-10 yrs,0,9434,10
26-35,Stayed,Sales,Female,2. 3K-6K,Sales Executive,No Overtime,3. 6-10 yrs,0,5561,6
26-35,Stayed,Research & Development,Male,3. 6K-10K,Research Scientist,No Overtime,4. 10+ yrs,0,6646,17
26-35,Stayed,Research & Development,Male,3. 6K-10K,Healthcare Representative,No Overtime,4. 10+ yrs,0,7725,13
46-60,Stayed,Human Resources,Male,4. Above 10K,Human Resources,No Overtime,3. 6-10 yrs,0,10725,9
36-45,Stayed,Research & Development,Male,3. 6K-10K,Manufacturing Director,Overtime,2. 3-5 yrs,0,8847,3
26-35,Stayed,Research & Development,Male,1. Under 3K,Research Scientist,No Overtime,2. 3-5 yrs,0,2045,4
18-25,Left,Research & Development,Male,1. Under 3K,Research Scientist,Overtime,1. 0-2 yrs,1,1009,1
26-35,Left,Research & Development,Male,2. 3K-6K,Research Scientist,Overtime,3. 6-10 yrs,1,3348,10
26-35,Stayed,Research & Development,Male,1. Under 3K,Laboratory Technician,No Overtime,1. 0-2 yrs,0,1281,1
18-25,Stayed,Research & Development,Male,1. Under 3K,Research Scientist,No Overtime,2. 3-5 yrs,0,2819,3
18-25,Stayed,Sales,Male,2. 3K-6K,Sales Executive,No Overtime,2. 3-5 yrs,0,4851,3
36-45,Stayed,Sales,Female,2. 3K-6K,Sales Executive,No Overtime,3. 6-10 yrs,0,4028,7
26-35,Stayed,Research & Development,Male,1. Under 3K,Research Scientist,No Overtime,3. 6-10 yrs,0,2720,10
46-60,Stayed,Sales,Male,3. 6K-10K,Sales Executive,No Overtime,1. 0-2 yrs,0,8120,2
26-35,Stayed,Sales,Female,2. 3K-6K,Sales Executive,Overtime,3. 6-10 yrs,0,4647,6
36-45,Stayed,Research & Development,Male,2. 3K-6K,Research Scientist,No Overtime,1. 0-2 yrs,0,4680,1
46-60,Stayed,Research & Development,Male,2. 3K-6K,Laboratory Technician,Overtime,4. 10+ yrs,0,3221,20
26-35,Stayed,Research & Development,Female,3. 6K-10K,Healthcare Representative,No Overtime,3. 6-10 yrs,0,8621,8
18-25,Left,Sales,Female,2. 3K-6K,Sales Executive,No Overtime,1. 0-2 yrs,1,4577,2
36-45,Stayed,Research & Development,Female,2. 3K-6K,Healthcare Representative,No Overtime,4. 10+ yrs,0,4553,20
26-35,Stayed,Sales,Male,2. 3K-6K,Sales Executive,No Overtime,3. 6-10 yrs,0,5396,10
46-60,Left,Sales,Male,3. 6K-10K,Sales Executive,Overtime,2. 3-5 yrs,1,6796,4
36-45,Stayed,Research & Development,Female,3. 6K-10K,Healthcare Representative,No Overtime,3. 6-10 yrs,0,7625,9
26-35,Stayed,Research & Development,Female,3. 6K-10K,Manufacturing Director,No Overtime,3. 6-10 yrs,0,7412,9
26-35,Stayed,Research & Development,Female,4. Above 10K,Research Director,No Overtime,3. 6-10 yrs,0,11159,7
46-60,Stayed,Sales,Male,2. 3K-6K,Sales Executive,No Overtime,3. 6-10 yrs,0,4960,7
36-45,Stayed,Sales,Male,4. Above 10K,Sales Executive,Overtime,4. 10+ yrs,0,10475,18
46-60,Stayed,Research & Development,Male,4. Above 10K,Research Director,No Overtime,2. 3-5 yrs,0,14814,5
36-45,Stayed,Human Resources,Male,4. Above 10K,Manager,No Overtime,4. 10+ yrs,0,19141,21
46-60,Stayed,Sales,Male,2. 3K-6K,Sales Executive,No Overtime,1. 0-2 yrs,0,5405,2
26-35,Stayed,Research & Development,Male,3. 6K-10K,Manufacturing Director,No Overtime,3. 6-10 yrs,0,8793,9
36-45,Stayed,Human Resources,Male,4. Above 10K,Manager,No Overtime,4. 10+ yrs,0,19189,22
46-60,Stayed,Sales,Male,2. 3K-6K,Sales Representative,No Overtime,1. 0-2 yrs,0,3875,2
26-35,Left,Research & Development,Female,1. Under 3K,Research Scientist,Overtime,3. 6-10 yrs,1,2216,7
36-45,Stayed,Research & Development,Female,4. Above 10K,Research Director,No Overtime,3. 6-10 yrs,0,11713,8
36-45,Stayed,Research & Development,Female,3. 6K-10K,Manufacturing Director,Overtime,1. 0-2 yrs,0,7861,1
36-45,Stayed,Research & Development,Male,2. 3K-6K,Laboratory Technician,No Overtime,2. 3-5 yrs,0,3708,5
46-60,Stayed,Sales,Female,4. Above 10K,Sales Executive,Overtime,4. 10+ yrs,0,13770,22
26-35,Stayed,Sales,Male,2. 3K-6K,Sales Executive,No Overtime,3. 6-10 yrs,0,5304,8
26-35,Stayed,Sales,Male,1. Under 3K,Sales Representative,No Overtime,1. 0-2 yrs,0,2642,1
36-45,Left,Research & Development,Male,1. Under 3K,Research Scientist,Overtime,1. 0-2 yrs,1,2759,2
36-45,Stayed,Sales,Male,3. 6K-10K,Sales Executive,No Overtime,1. 0-2 yrs,0,6804,2
26-35,Stayed,Research & Development,Female,3. 6K-10K,Healthcare Representative,No Overtime,2. 3-5 yrs,0,6142,5
18-25,Stayed,Research & Development,Male,1. Under 3K,Laboratory Technician,No Overtime,2. 3-5 yrs,0,2500,4
36-45,Stayed,Human Resources,Female,3. 6K-10K,Human Resources,No Overtime,3. 6-10 yrs,0,6389,8
46-60,Stayed,Research & Development,Male,4. Above 10K,Healthcare Representative,No Overtime,3. 6-10 yrs,0,11103,10
36-45,Stayed,Research & Development,Female,1. Under 3K,Research Scientist,Overtime,2. 3-5 yrs,0,2342,4
26-35,Stayed,Research & Development,Female,3. 6K-10K,Healthcare Representative,No Overtime,3. 6-10 yrs,0,6811,7
26-35,Stayed,Sales,Male,1. Under 3K,Sales Representative,No Overtime,1. 0-2 yrs,0,2297,2
46-60,Stayed,Research & Development,Male,1. Under 3K,Laboratory Technician,No Overtime,1. 0-2 yrs,0,2450,2
26-35,Stayed,Research & Development,Female,2. 3K-6K,Healthcare Representative,No Overtime,1. 0-2 yrs,0,5093,1
26-35,Stayed,Research & Development,Male,2. 3K-6K,Laboratory Technician,No Overtime,3. 6-10 yrs,0,5309,10
36-45,Stayed,Research & Development,Male,2. 3K-6K,Research Scientist,Overtime,1. 0-2 yrs,0,3057,1
26-35,Stayed,Research & Development,Female,2. 3K-6K,Manufacturing Director,No Overtime,1. 0-2 yrs,0,5121,0
46-60,Stayed,Sales,Male,4. Above 10K,Manager,No Overtime,4. 10+ yrs,0,16856,34
26-35,Left,Research & Development,Male,1. Under 3K,Research Scientist,Overtime,3. 6-10 yrs,1,2686,10
18-25,Stayed,Sales,Female,3. 6K-10K,Sales Executive,No Overtime,3. 6-10 yrs,0,6180,6
36-45,Stayed,Sales,Male,3. 6K-10K,Sales Representative,No Overtime,3. 6-10 yrs,0,6632,8
18-25,Stayed,Research & Development,Male,2. 3K-6K,Research Scientist,No Overtime,1. 0-2 yrs,0,3505,2
46-60,Left,Sales,Female,3. 6K-10K,Sales Executive,Overtime,2. 3-5 yrs,1,6397,5
26-35,Stayed,Sales,Male,3. 6K-10K,Sales Executive,No Overtime,3. 6-10 yrs,0,6274,6
46-60,Left,Research & Development,Male,4. Above 10K,Manager,Overtime,2. 3-5 yrs,1,19859,5
36-45,Stayed,Sales,Male,3. 6K-10K,Sales Executive,No Overtime,3. 6-10 yrs,0,7587,10
46-60,Stayed,Research & Development,Male,2. 3K-6K,Research Scientist,No Overtime,2. 3-5 yrs,0,4258,4
26-35,Stayed,Research & Development,Female,2. 3K-6K,Laboratory Technician,No Overtime,1. 0-2 yrs,0,4364,2
26-35,Stayed,Research & Development,Female,2. 3K-6K,Healthcare Representative,No Overtime,3. 6-10 yrs,0,4335,8
26-35,Left,Sales,Male,2. 3K-6K,Sales Executive,No Overtime,2. 3-5 yrs,1,5326,4
26-35,Stayed,Research & Development,Female,2. 3K-6K,Research Scientist,No Overtime,2. 3-5 yrs,0,3280,4
46-60,Stayed,Research & Development,Female,2. 3K-6K,Manufacturing Director,Overtime,2. 3-5 yrs,0,5485,5
26-35,Stayed,Sales,Male,2. 3K-6K,Sales Executive,No Overtime,2. 3-5 yrs,0,4342,4
36-45,Stayed,Research & Development,Female,1. Under 3K,Research Scientist,Overtime,2. 3-5 yrs,0,2782,5
36-45,Stayed,Research & Development,Female,2. 3K-6K,Manufacturing Director,Overtime,4. 10+ yrs,0,5980,15
26-35,Stayed,Research & Development,Female,2. 3K-6K,Research Scientist,No Overtime,3. 6-10 yrs,0,4381,6
26-35,Stayed,Sales,Female,1. Under 3K,Sales Representative,No Overtime,2. 3-5 yrs,0,2572,3
26-35,Stayed,Research & Development,Male,2. 3K-6K,Laboratory Technician,No Overtime,1. 0-2 yrs,0,3833,2
36-45,Stayed,Research & Development,Female,2. 3K-6K,Healthcare Representative,No Overtime,3. 6-10 yrs,0,4244,8
26-35,Stayed,Sales,Female,3. 6K-10K,Sales Executive,No Overtime,2. 3-5 yrs,0,6500,3
36-45,Stayed,Research & Development,Male,4. Above 10K,Manager,No Overtime,4. 10+ yrs,0,18430,24
18-25,Left,Research & Development,Male,1. Under 3K,Laboratory Technician,Overtime,1. 0-2 yrs,1,1601,0
18-25,Stayed,Research & Development,Male,1. Under 3K,Laboratory Technician,No Overtime,1. 0-2 yrs,0,2694,1
46-60,Stayed,Research & Development,Female,2. 3K-6K,Laboratory Technician,No Overtime,2. 3-5 yrs,0,3149,5
46-60,Stayed,Research & Development,Male,4. Above 10K,Research Director,No Overtime,2. 3-5 yrs,0,17639,4
26-35,Left,Research & Development,Female,1. Under 3K,Laboratory Technician,Overtime,1. 0-2 yrs,1,2319,1
26-35,Stayed,Research & Development,Male,4. Above 10K,Research Director,No Overtime,4. 10+ yrs,0,11691,13
26-35,Left,Sales,Female,2. 3K-6K,Sales Executive,No Overtime,2. 3-5 yrs,1,5324,3
46-60,Stayed,Research & Development,Female,4. Above 10K,Manager,Overtime,4. 10+ yrs,0,16752,26
36-45,Stayed,Research & Development,Female,2. 3K-6K,Manufacturing Director,No Overtime,3. 6-10 yrs,0,5228,9
26-35,Stayed,Research & Development,Male,1. Under 3K,Research Scientist,No Overtime,3. 6-10 yrs,0,2700,10
46-60,Left,Research & Development,Male,4. Above 10K,Research Director,Overtime,4. 10+ yrs,1,19246,31
26-35,Stayed,Research & Development,Female,1. Under 3K,Research Scientist,No Overtime,1. 0-2 yrs,0,2506,2
36-45,Stayed,Research & Development,Female,3. 6K-10K,Manufacturing Director,Overtime,2. 3-5 yrs,0,6062,4
26-35,Left,Research & Development,Male,2. 3K-6K,Research Scientist,No Overtime,1. 0-2 yrs,1,4382,2
36-45,Stayed,Human Resources,Male,1. Under 3K,Human Resources,No Overtime,2. 3-5 yrs,0,2143,5
26-35,Stayed,Research & Development,Female,3. 6K-10K,Manufacturing Director,No Overtime,4. 10+ yrs,0,6162,14
36-45,Stayed,Research & Development,Male,2. 3K-6K,Laboratory Technician,No Overtime,1. 0-2 yrs,0,5094,1
26-35,Stayed,Research & Development,Female,3. 6K-10K,Manufacturing Director,Overtime,1. 0-2 yrs,0,6877,0
36-45,Stayed,Research & Development,Female,1. Under 3K,Research Scientist,No Overtime,1. 0-2 yrs,0,2274,1
36-45,Stayed,Research & Development,Male,2. 3K-6K,Manufacturing Director,No Overtime,3. 6-10 yrs,0,4434,9
36-45,Stayed,Research & Development,Male,3. 6K-10K,Healthcare Representative,No Overtime,2. 3-5 yrs,0,6288,4
26-35,Stayed,Research & Development,Female,1. Under 3K,Research Scientist,No Overtime,2. 3-5 yrs,0,2553,5
46-60,Left,Sales,Female,3. 6K-10K,Sales Executive,No Overtime,3. 6-10 yrs,1,7654,9
46-60,Left,Sales,Male,2. 3K-6K,Sales Executive,No Overtime,3. 6-10 yrs,1,5160,9
36-45,Stayed,Research & Development,Male,4. Above 10K,Research Director,No Overtime,2. 3-5 yrs,0,17159,4
26-35,Stayed,Research & Development,Male,4. Above 10K,Research Director,Overtime,3. 6-10 yrs,0,12808,9
26-35,Stayed,Research & Development,Male,4. Above 10K,Manufacturing Director,No Overtime,3. 6-10 yrs,0,10221,8
26-35,Stayed,Sales,Female,2. 3K-6K,Sales Executive,Overtime,3. 6-10 yrs,0,4779,8
26-35,Stayed,Human Resources,Male,2. 3K-6K,Human Resources,No Overtime,2. 3-5 yrs,0,3737,3
26-35,Left,Research & Development,Female,1. Under 3K,Research Scientist,Overtime,3. 6-10 yrs,1,2366,8
26-35,Stayed,Research & Development,Male,1. Under 3K,Research Scientist,No Overtime,1. 0-2 yrs,0,1706,0
46-60,Stayed,Sales,Female,4. Above 10K,Manager,No Overtime,4. 10+ yrs,0,16307,20
36-45,Stayed,Research & Development,Male,2. 3K-6K,Healthcare Representative,No Overtime,2. 3-5 yrs,0,5933,5
18-25,Stayed,Research & Development,Male,2. 3K-6K,Research Scientist,No Overtime,2. 3-5 yrs,0,3424,4
26-35,Stayed,Sales,Male,2. 3K-6K,Sales Executive,No Overtime,3. 6-10 yrs,0,4037,9
26-35,Stayed,Research & Development,Female,1. Under 3K,Research Scientist,No Overtime,3. 6-10 yrs,0,2559,6
36-45,Stayed,Sales,Male,3. 6K-10K,Sales Executive,Overtime,4. 10+ yrs,0,6201,18
26-35,Stayed,Sales,Male,2. 3K-6K,Sales Executive,No Overtime,2. 3-5 yrs,0,4403,5
26-35,Stayed,Research & Development,Male,2. 3K-6K,Research Scientist,No Overtime,2. 3-5 yrs,0,3761,5
46-60,Stayed,Sales,Female,4. Above 10K,Sales Executive,Overtime,2. 3-5 yrs,0,10934,5
36-45,Stayed,Sales,Male,4. Above 10K,Sales Executive,Overtime,2. 3-5 yrs,0,10761,5
26-35,Stayed,Research & Development,Female,2. 3K-6K,Research Scientist,No Overtime,2. 3-5 yrs,0,5175,5
46-60,Stayed,Research & Development,Female,4. Above 10K,Manufacturing Director,No Overtime,3. 6-10 yrs,0,13826,9
36-45,Stayed,Sales,Male,3. 6K-10K,Sales Executive,No Overtime,1. 0-2 yrs,0,6334,1
26-35,Stayed,Human Resources,Male,2. 3K-6K,Human Resources,No Overtime,2. 3-5 yrs,0,4936,5
18-25,Stayed,Research & Development,Male,2. 3K-6K,Manufacturing Director,No Overtime,1. 0-2 yrs,0,4775,2
36-45,Stayed,Research & Development,Male,1. Under 3K,Laboratory Technician,Overtime,2. 3-5 yrs,0,2818,3
36-45,Stayed,Research & Development,Male,1. Under 3K,Research Scientist,Overtime,1. 0-2 yrs,0,2515,2
36-45,Stayed,Human Resources,Male,1. Under 3K,Human Resources,No Overtime,2. 3-5 yrs,0,2342,5
18-25,Stayed,Sales,Male,2. 3K-6K,Sales Executive,Overtime,2. 3-5 yrs,0,4194,5
26-35,Stayed,Research & Development,Female,4. Above 10K,Manufacturing Director,Overtime,4. 10+ yrs,0,10685,17
26-35,Left,Research & Development,Female,1. Under 3K,Research Scientist,Overtime,3. 6-10 yrs,1,2022,10
26-35,Stayed,Research & Development,Male,1. Under 3K,Laboratory Technician,No Overtime,2. 3-5 yrs,0,2314,3
18-25,Stayed,Sales,Male,2. 3K-6K,Sales Executive,No Overtime,2. 3-5 yrs,0,4256,5
46-60,Stayed,Research & Development,Female,2. 3K-6K,Research Scientist,No Overtime,2. 3-5 yrs,0,3580,4
18-25,Stayed,Research & Development,Male,2. 3K-6K,Laboratory Technician,No Overtime,2. 3-5 yrs,0,3162,5
26-35,Stayed,Sales,Male,3. 6K-10K,Sales Executive,No Overtime,3. 6-10 yrs,0,6524,10
36-45,Stayed,Sales,Male,1. Under 3K,Sales Representative,No Overtime,1. 0-2 yrs,0,2899,2
36-45,Stayed,Research & Development,Female,2. 3K-6K,Laboratory Technician,Overtime,2. 3-5 yrs,0,5231,5
26-35,Stayed,Research & Development,Male,1. Under 3K,Research Scientist,Overtime,3. 6-10 yrs,0,2356,6
26-35,Left,Sales,Female,1. Under 3K,Sales Representative,Overtime,2. 3-5 yrs,1,2800,3
46-60,Stayed,Sales,Male,4. Above 10K,Sales Executive,No Overtime,1. 0-2 yrs,0,11836,2
26-35,Stayed,Research & Development,Male,4. Above 10K,Manufacturing Director,No Overtime,4. 10+ yrs,0,10903,13
36-45,Stayed,Sales,Female,1. Under 3K,Sales Representative,No Overtime,2. 3-5 yrs,0,2973,5
46-60,Stayed,Research & Development,Female,4. Above 10K,Research Director,No Overtime,4. 10+ yrs,0,14275,12
36-45,Stayed,Research & Development,Female,2. 3K-6K,Healthcare Representative,No Overtime,2. 3-5 yrs,0,5562,5
46-60,Stayed,Sales,Female,2. 3K-6K,Sales Executive,Overtime,3. 6-10 yrs,0,4537,7
36-45,Stayed,Sales,Male,3. 6K-10K,Sales Executive,Overtime,3. 6-10 yrs,0,7642,10
46-60,Stayed,Research & Development,Male,4. Above 10K,Manager,No Overtime,4. 10+ yrs,0,17924,31
36-45,Stayed,Human Resources,Female,2. 3K-6K,Human Resources,No Overtime,2. 3-5 yrs,0,5204,5
26-35,Stayed,Human Resources,Male,1. Under 3K,Human Resources,Overtime,2. 3-5 yrs,0,2277,4
26-35,Left,Research & Development,Male,1. Under 3K,Laboratory Technician,Overtime,1. 0-2 yrs,1,2795,1
26-35,Stayed,Research & Development,Female,1. Under 3K,Laboratory Technician,No Overtime,2. 3-5 yrs,0,2532,4
36-45,Stayed,Research & Development,Male,1. Under 3K,Research Scientist,Overtime,3. 6-10 yrs,0,2559,8
26-35,Stayed,Sales,Male,2. 3K-6K,Sales Executive,No Overtime,2. 3-5 yrs,0,4908,4
46-60,Left,Research & Development,Male,1. Under 3K,Laboratory Technician,Overtime,1. 0-2 yrs,1,2380,1
36-45,Stayed,Research & Development,Female,2. 3K-6K,Manufacturing Director,No Overtime,1. 0-2 yrs,0,4765,1
18-25,Left,Sales,Female,1. Under 3K,Sales Representative,No Overtime,1. 0-2 yrs,1,2044,2
18-25,Left,Research & Development,Female,1. Under 3K,Research Scientist,No Overtime,1. 0-2 yrs,1,2693,1
36-45,Stayed,Research & Development,Male,3. 6K-10K,Healthcare Representative,Overtime,4. 10+ yrs,0,6586,16
46-60,Stayed,Sales,Female,2. 3K-6K,Sales Representative,Overtime,2. 3-5 yrs,0,3294,3
18-25,Left,Research & Development,Female,2. 3K-6K,Manufacturing Director,Overtime,2. 3-5 yrs,1,4171,3
36-45,Left,Research & Development,Female,1. Under 3K,Laboratory Technician,Overtime,3. 6-10 yrs,1,2778,7
26-35,Stayed,Research & Development,Female,1. Under 3K,Research Scientist,No Overtime,1. 0-2 yrs,0,2377,2
36-45,Left,Research & Development,Male,1. Under 3K,Laboratory Technician,Overtime,1. 0-2 yrs,1,2404,2
26-35,Stayed,Research & Development,Female,1. Under 3K,Research Scientist,No Overtime,1. 0-2 yrs,0,2318,1
26-35,Stayed,Research & Development,Male,1. Under 3K,Laboratory Technician,No Overtime,1. 0-2 yrs,0,2008,1
36-45,Stayed,Sales,Female,3. 6K-10K,Sales Executive,No Overtime,2. 3-5 yrs,0,6244,5
26-35,Stayed,Research & Development,Male,1. Under 3K,Research Scientist,Overtime,2. 3-5 yrs,0,2799,3
46-60,Stayed,Research & Development,Female,4. Above 10K,Healthcare Representative,Overtime,3. 6-10 yrs,0,10552,6
26-35,Stayed,Sales,Male,1. Under 3K,Sales Representative,No Overtime,3. 6-10 yrs,0,2329,7
26-35,Stayed,Research & Development,Female,2. 3K-6K,Healthcare Representative,Overtime,3. 6-10 yrs,0,4014,10
46-60,Stayed,Research & Development,Female,3. 6K-10K,Laboratory Technician,No Overtime,4. 10+ yrs,0,7403,26
46-60,Stayed,Research & Development,Male,1. Under 3K,Research Scientist,No Overtime,1. 0-2 yrs,0,2259,0
26-35,Stayed,Sales,Female,3. 6K-10K,Sales Executive,No Overtime,3. 6-10 yrs,0,6932,9
36-45,Stayed,Research & Development,Male,2. 3K-6K,Research Scientist,No Overtime,3. 6-10 yrs,0,4678,6
36-45,Stayed,Research & Development,Female,4. Above 10K,Research Director,No Overtime,4. 10+ yrs,0,13582,15
26-35,Stayed,Research & Development,Female,1. Under 3K,Laboratory Technician,No Overtime,2. 3-5 yrs,0,2332,3
18-25,Left,Sales,Male,1. Under 3K,Sales Representative,Overtime,1. 0-2 yrs,1,2413,1
36-45,Stayed,Sales,Male,3. 6K-10K,Sales Executive,No Overtime,1. 0-2 yrs,0,9705,1
26-35,Stayed,Sales,Male,2. 3K-6K,Sales Executive,No Overtime,3. 6-10 yrs,0,4294,7
36-45,Stayed,Research & Development,Male,2. 3K-6K,Laboratory Technician,Overtime,4. 10+ yrs,0,4721,18
36-45,Stayed,Research & Development,Male,1. Under 3K,Laboratory Technician,No Overtime,4. 10+ yrs,0,2519,11
18-25,Left,Sales,Male,1. Under 3K,Sales Representative,Overtime,1. 0-2 yrs,1,2121,1
18-25,Left,Research & Development,Male,1. Under 3K,Laboratory Technician,No Overtime,1. 0-2 yrs,1,2973,1
26-35,Stayed,Research & Development,Female,2. 3K-6K,Healthcare Representative,Overtime,3. 6-10 yrs,0,5855,9
36-45,Stayed,Research & Development,Male,2. 3K-6K,Research Scientist,Overtime,1. 0-2 yrs,0,3617,1
26-35,Stayed,Research & Development,Female,3. 6K-10K,Manufacturing Director,No Overtime,3. 6-10 yrs,0,6725,8
36-45,Left,Sales,Male,4. Above 10K,Sales Executive,Overtime,4. 10+ yrs,1,10325,16
26-35,Stayed,Research & Development,Female,3. 6K-10K,Healthcare Representative,No Overtime,2. 3-5 yrs,0,6949,5
36-45,Left,Sales,Male,4. Above 10K,Sales Executive,No Overtime,4. 10+ yrs,1,10609,14
36-45,Stayed,Research & Development,Male,2. 3K-6K,Laboratory Technician,No Overtime,3. 6-10 yrs,0,4447,9
26-35,Stayed,Sales,Female,1. Under 3K,Sales Representative,No Overtime,2. 3-5 yrs,0,2157,3
26-35,Stayed,Sales,Female,2. 3K-6K,Sales Executive,No Overtime,2. 3-5 yrs,0,4601,5
46-60,Stayed,Research & Development,Male,4. Above 10K,Manager,No Overtime,3. 6-10 yrs,0,17099,9
46-60,Left,Research & Development,Male,1. Under 3K,Research Scientist,No Overtime,1. 0-2 yrs,1,2479,1
46-60,Stayed,Sales,Male,4. Above 10K,Manager,No Overtime,4. 10+ yrs,0,14852,17
26-35,Stayed,Sales,Male,3. 6K-10K,Sales Executive,No Overtime,3. 6-10 yrs,0,7264,8
36-45,Stayed,Sales,Female,2. 3K-6K,Sales Executive,Overtime,2. 3-5 yrs,0,5666,5
26-35,Stayed,Sales,Male,3. 6K-10K,Sales Executive,No Overtime,3. 6-10 yrs,0,7823,10
36-45,Stayed,Sales,Male,3. 6K-10K,Sales Executive,No Overtime,3. 6-10 yrs,0,7880,8
36-45,Left,Sales,Female,4. Above 10K,Sales Executive,Overtime,1. 0-2 yrs,1,13194,1
46-60,Stayed,Research & Development,Male,2. 3K-6K,Manufacturing Director,Overtime,4. 10+ yrs,0,5067,19
36-45,Stayed,Sales,Male,2. 3K-6K,Sales Executive,No Overtime,3. 6-10 yrs,0,5079,7
26-35,Left,Research & Development,Male,1. Under 3K,Research Scientist,Overtime,2. 3-5 yrs,1,2321,3
26-35,Stayed,Sales,Male,4. Above 10K,Manager,No Overtime,3. 6-10 yrs,0,17444,10
26-35,Left,Research & Development,Female,1. Under 3K,Research Scientist,Overtime,1. 0-2 yrs,1,2404,0
26-35,Stayed,Research & Development,Female,2. 3K-6K,Research Scientist,No Overtime,2. 3-5 yrs,0,3452,3
36-45,Stayed,Research & Development,Female,1. Under 3K,Laboratory Technician,No Overtime,2. 3-5 yrs,0,2270,5
46-60,Stayed,Research & Development,Male,4. Above 10K,Research Director,No Overtime,2. 3-5 yrs,0,17399,5
26-35,Stayed,Research & Development,Female,2. 3K-6K,Healthcare Representative,Overtime,3. 6-10 yrs,0,5488,6
36-45,Stayed,Research & Development,Male,4. Above 10K,Research Director,No Overtime,4. 10+ yrs,0,19419,18
26-35,Stayed,Research & Development,Female,1. Under 3K,Laboratory Technician,No Overtime,1. 0-2 yrs,0,2811,2
36-45,Stayed,Research & Development,Male,2. 3K-6K,Laboratory Technician,Overtime,3. 6-10 yrs,0,3633,9
46-60,Stayed,Sales,Female,2. 3K-6K,Sales Executive,Overtime,3. 6-10 yrs,0,4163,9
26-35,Left,Research & Development,Female,1. Under 3K,Research Scientist,Overtime,2. 3-5 yrs,1,2132,5
46-60,Stayed,Research & Development,Male,4. Above 10K,Manufacturing Director,Overtime,4. 10+ yrs,0,13973,12
36-45,Stayed,Research & Development,Male,1. Under 3K,Research Scientist,No Overtime,1. 0-2 yrs,0,2684,2
46-60,Stayed,Research & Development,Male,4. Above 10K,Manufacturing Director,No Overtime,3. 6-10 yrs,0,10845,8
18-25,Stayed,Research & Development,Female,2. 3K-6K,Manufacturing Director,No Overtime,2. 3-5 yrs,0,4377,4
26-35,Left,Research & Development,Male,2. 3K-6K,Laboratory Technician,Overtime,2. 3-5 yrs,1,3743,4
26-35,Stayed,Research & Development,Female,2. 3K-6K,Manufacturing Director,No Overtime,2. 3-5 yrs,0,4148,4
18-25,Stayed,Research & Development,Male,1. Under 3K,Research Scientist,No Overtime,1. 0-2 yrs,0,1051,0
46-60,Stayed,Research & Development,Female,4. Above 10K,Manufacturing Director,No Overtime,3. 6-10 yrs,0,10739,10
26-35,Stayed,Research & Development,Female,4. Above 10K,Healthcare Representative,Overtime,4. 10+ yrs,0,10388,16
26-35,Stayed,Research & Development,Female,4. Above 10K,Research Director,Overtime,3. 6-10 yrs,0,11416,8
18-25,Left,Research & Development,Female,1. Under 3K,Research Scientist,Overtime,1. 0-2 yrs,1,2600,1
26-35,Left,Research & Development,Female,1. Under 3K,Laboratory Technician,No Overtime,2. 3-5 yrs,1,2422,3
26-35,Stayed,Research & Development,Male,2. 3K-6K,Manufacturing Director,No Overtime,3. 6-10 yrs,0,5472,8
18-25,Stayed,Research & Development,Male,1. Under 3K,Laboratory Technician,No Overtime,2. 3-5 yrs,0,2451,4
46-60,Stayed,Research & Development,Male,2. 3K-6K,Healthcare Representative,No Overtime,1. 0-2 yrs,0,4240,2
46-60,Stayed,Research & Development,Male,4. Above 10K,Healthcare Representative,No Overtime,4. 10+ yrs,0,10999,15
36-45,Stayed,Research & Development,Female,2. 3K-6K,Manufacturing Director,No Overtime,1. 0-2 yrs,0,5003,2
36-45,Stayed,Research & Development,Female,4. Above 10K,Manufacturing Director,No Overtime,4. 10+ yrs,0,12742,21
26-35,Stayed,Research & Development,Female,2. 3K-6K,Manufacturing Director,No Overtime,2. 3-5 yrs,0,4227,3
26-35,Stayed,Research & Development,Male,2. 3K-6K,Laboratory Technician,No Overtime,2. 3-5 yrs,0,3917,3
36-45,Stayed,Sales,Male,4. Above 10K,Manager,No Overtime,1. 0-2 yrs,0,18303,1
46-60,Stayed,Research & Development,Male,1. Under 3K,Laboratory Technician,No Overtime,1. 0-2 yrs,0,2380,1
46-60,Stayed,Research & Development,Female,4. Above 10K,Manufacturing Director,Overtime,2. 3-5 yrs,0,13726,5
36-45,Left,Research & Development,Female,2. 3K-6K,Healthcare Representative,No Overtime,1. 0-2 yrs,1,4777,1
46-60,Stayed,Research & Development,Male,3. 6K-10K,Healthcare Representative,Overtime,3. 6-10 yrs,0,6385,8
36-45,Stayed,Research & Development,Female,4. Above 10K,Research Director,No Overtime,4. 10+ yrs,0,19973,21
36-45,Stayed,Sales,Male,3. 6K-10K,Sales Executive,Overtime,1. 0-2 yrs,0,6861,1
26-35,Left,Sales,Male,2. 3K-6K,Sales Executive,No Overtime,1. 0-2 yrs,1,4969,2
46-60,Left,Sales,Female,4. Above 10K,Manager,No Overtime,4. 10+ yrs,1,19845,32
36-45,Stayed,Sales,Female,4. Above 10K,Sales Executive,Overtime,4. 10+ yrs,0,13320,12
46-60,Stayed,Sales,Female,3. 6K-10K,Sales Executive,No Overtime,4. 10+ yrs,0,6347,18
36-45,Left,Research & Development,Female,1. Under 3K,Laboratory Technician,No Overtime,4. 10+ yrs,1,2743,17
36-45,Stayed,Research & Development,Female,4. Above 10K,Manufacturing Director,Overtime,4. 10+ yrs,0,10880,21
26-35,Stayed,Sales,Female,1. Under 3K,Sales Representative,No Overtime,1. 0-2 yrs,0,2342,2
36-45,Stayed,Sales,Female,4. Above 10K,Manager,No Overtime,3. 6-10 yrs,0,17650,9
26-35,Stayed,Research & Development,Female,2. 3K-6K,Laboratory Technician,No Overtime,3. 6-10 yrs,0,4025,8
26-35,Stayed,Sales,Male,3. 6K-10K,Sales Executive,No Overtime,4. 10+ yrs,0,9725,15
46-60,Stayed,Sales,Male,4. Above 10K,Manager,Overtime,3. 6-10 yrs,0,11904,6
36-45,Stayed,Human Resources,Male,1. Under 3K,Human Resources,No Overtime,3. 6-10 yrs,0,2177,6
46-60,Stayed,Sales,Female,3. 6K-10K,Sales Executive,No Overtime,4. 10+ yrs,0,7525,15
36-45,Left,Research & Development,Male,2. 3K-6K,Laboratory Technician,No Overtime,1. 0-2 yrs,1,4834,1
26-35,Left,Research & Development,Male,1. Under 3K,Research Scientist,Overtime,2. 3-5 yrs,1,2042,3
26-35,Stayed,Sales,Female,1. Under 3K,Sales Representative,Overtime,1. 0-2 yrs,0,2220,1
26-35,Stayed,Sales,Male,1. Under 3K,Sales Representative,No Overtime,1. 0-2 yrs,0,1052,1
36-45,Stayed,Research & Development,Male,1. Under 3K,Research Scientist,No Overtime,1. 0-2 yrs,0,2821,2
46-60,Stayed,Research & Development,Male,4. Above 10K,Research Director,Overtime,3. 6-10 yrs,0,19237,8
36-45,Stayed,Research & Development,Female,2. 3K-6K,Healthcare Representative,No Overtime,2. 3-5 yrs,0,4107,4
36-45,Stayed,Sales,Male,3. 6K-10K,Sales Executive,No Overtime,3. 6-10 yrs,0,8396,7
26-35,Stayed,Research & Development,Female,1. Under 3K,Research Scientist,No Overtime,2. 3-5 yrs,0,2007,5
46-60,Stayed,Research & Development,Male,4. Above 10K,Research Director,No Overtime,1. 0-2 yrs,0,19627,2
46-60,Stayed,Sales,Female,4. Above 10K,Sales Executive,No Overtime,3. 6-10 yrs,0,10686,9
46-60,Stayed,Research & Development,Female,1. Under 3K,Research Scientist,No Overtime,2. 3-5 yrs,0,2942,5
36-45,Stayed,Research & Development,Female,3. 6K-10K,Manufacturing Director,No Overtime,4. 10+ yrs,0,8858,14
46-60,Stayed,Research & Development,Male,4. Above 10K,Manager,No Overtime,3. 6-10 yrs,0,16756,9
36-45,Stayed,Sales,Male,4. Above 10K,Sales Executive,No Overtime,1. 0-2 yrs,0,10798,1
18-25,Left,Sales,Female,1. Under 3K,Sales Representative,Overtime,1. 0-2 yrs,1,2323,2
18-25,Left,Research & Development,Female,1. Under 3K,Laboratory Technician,No Overtime,1. 0-2 yrs,1,1416,1
46-60,Stayed,Research & Development,Female,2. 3K-6K,Research Scientist,Overtime,4. 10+ yrs,0,4615,16
46-60,Left,Research & Development,Male,1. Under 3K,Research Scientist,Overtime,3. 6-10 yrs,1,2461,10
26-35,Left,Research & Development,Male,3. 6K-10K,Healthcare Representative,No Overtime,3. 6-10 yrs,1,8722,10
26-35,Stayed,Research & Development,Male,2. 3K-6K,Laboratory Technician,No Overtime,2. 3-5 yrs,0,3955,5
26-35,Stayed,Research & Development,Male,3. 6K-10K,Manufacturing Director,No Overtime,3. 6-10 yrs,0,9957,6
36-45,Stayed,Research & Development,Female,2. 3K-6K,Research Scientist,No Overtime,3. 6-10 yrs,0,3376,10
36-45,Stayed,Research & Development,Female,3. 6K-10K,Healthcare Representative,No Overtime,4. 10+ yrs,0,8823,19
36-45,Stayed,Research & Development,Male,4. Above 10K,Healthcare Representative,No Overtime,4. 10+ yrs,0,10322,11
26-35,Stayed,Research & Development,Male,2. 3K-6K,Laboratory Technician,No Overtime,2. 3-5 yrs,0,4621,3
46-60,Stayed,Research & Development,Male,4. Above 10K,Manufacturing Director,No Overtime,2. 3-5 yrs,0,10976,3
26-35,Stayed,Research & Development,Female,2. 3K-6K,Research Scientist,No Overtime,3. 6-10 yrs,0,3660,8
36-45,Left,Human Resources,Male,4. Above 10K,Human Resources,No Overtime,4. 10+ yrs,1,10482,20
26-35,Stayed,Research & Development,Male,3. 6K-10K,Healthcare Representative,No Overtime,2. 3-5 yrs,0,7119,3
26-35,Left,Sales,Male,3. 6K-10K,Sales Executive,Overtime,3. 6-10 yrs,1,9582,8
26-35,Left,Research & Development,Female,2. 3K-6K,Research Scientist,No Overtime,4. 10+ yrs,1,4508,13
26-35,Stayed,Research & Development,Male,1. Under 3K,Laboratory Technician,No Overtime,2. 3-5 yrs,0,2207,4
26-35,Stayed,Research & Development,Male,3. 6K-10K,Healthcare Representative,No Overtime,3. 6-10 yrs,0,7756,6
36-45,Stayed,Sales,Female,3. 6K-10K,Sales Executive,Overtime,1. 0-2 yrs,0,6694,1
18-25,Left,Research & Development,Male,2. 3K-6K,Laboratory Technician,Overtime,3. 6-10 yrs,1,3691,7
26-35,Left,Research & Development,Male,1. Under 3K,Laboratory Technician,No Overtime,1. 0-2 yrs,1,2377,1
26-35,Left,Research & Development,Male,1. Under 3K,Research Scientist,Overtime,1. 0-2 yrs,1,2313,2
36-45,Stayed,Research & Development,Male,4. Above 10K,Manager,No Overtime,4. 10+ yrs,0,17665,22
26-35,Left,Research & Development,Male,1. Under 3K,Laboratory Technician,No Overtime,1. 0-2 yrs,1,2596,1
46-60,Left,Sales,Male,2. 3K-6K,Sales Executive,Overtime,1. 0-2 yrs,1,4728,0
26-35,Stayed,Sales,Female,2. 3K-6K,Sales Executive,No Overtime,2. 3-5 yrs,0,4302,3
26-35,Stayed,Research & Development,Male,1. Under 3K,Research Scientist,No Overtime,1. 0-2 yrs,0,2979,0
46-60,Stayed,Research & Development,Male,4. Above 10K,Manager,No Overtime,2. 3-5 yrs,0,16885,5
36-45,Stayed,Sales,Female,2. 3K-6K,Sales Executive,No Overtime,4. 10+ yrs,0,5593,15
46-60,Stayed,Research & Development,Male,4. Above 10K,Healthcare Representative,No Overtime,3. 6-10 yrs,0,10445,8
36-45,Stayed,Sales,Male,3. 6K-10K,Sales Executive,Overtime,3. 6-10 yrs,0,8740,8
26-35,Stayed,Research & Development,Female,1. Under 3K,Research Scientist,No Overtime,3. 6-10 yrs,0,2514,7
26-35,Stayed,Research & Development,Female,3. 6K-10K,Manufacturing Director,No Overtime,3. 6-10 yrs,0,7655,9
46-60,Stayed,Sales,Male,4. Above 10K,Manager,No Overtime,4. 10+ yrs,0,17465,12
36-45,Stayed,Sales,Male,3. 6K-10K,Sales Executive,No Overtime,1. 0-2 yrs,0,7351,1
36-45,Stayed,Research & Development,Female,4. Above 10K,Manufacturing Director,No Overtime,3. 6-10 yrs,0,10820,8
36-45,Left,Research & Development,Male,4. Above 10K,Healthcare Representative,No Overtime,4. 10+ yrs,1,12169,18
36-45,Stayed,Research & Development,Male,4. Above 10K,Research Director,No Overtime,4. 10+ yrs,0,19626,20
18-25,Stayed,Research & Development,Female,1. Under 3K,Research Scientist,Overtime,1. 0-2 yrs,0,2070,2
36-45,Stayed,Research & Development,Male,3. 6K-10K,Laboratory Technician,No Overtime,2. 3-5 yrs,0,6782,5
36-45,Stayed,Research & Development,Male,3. 6K-10K,Manufacturing Director,No Overtime,4. 10+ yrs,0,7779,11
26-35,Stayed,Sales,Male,1. Under 3K,Sales Representative,No Overtime,1. 0-2 yrs,0,2791,2
26-35,Stayed,Research & Development,Male,2. 3K-6K,Research Scientist,No Overtime,2. 3-5 yrs,0,3201,5
26-35,Stayed,Sales,Male,2. 3K-6K,Sales Executive,No Overtime,2. 3-5 yrs,0,4968,5
46-60,Stayed,Sales,Male,4. Above 10K,Sales Executive,No Overtime,3. 6-10 yrs,0,13120,9
26-35,Stayed,Research & Development,Male,2. 3K-6K,Manufacturing Director,No Overtime,2. 3-5 yrs,0,4033,3
26-35,Stayed,Research & Development,Female,2. 3K-6K,Research Scientist,No Overtime,3. 6-10 yrs,0,3291,7
36-45,Stayed,Research & Development,Male,2. 3K-6K,Laboratory Technician,No Overtime,1. 0-2 yrs,0,4272,1
26-35,Stayed,Research & Development,Male,2. 3K-6K,Manufacturing Director,Overtime,3. 6-10 yrs,0,5056,10
36-45,Stayed,Human Resources,Male,1. Under 3K,Human Resources,No Overtime,3. 6-10 yrs,0,2844,7
26-35,Stayed,Research & Development,Male,1. Under 3K,Research Scientist,Overtime,2. 3-5 yrs,0,2703,3
18-25,Left,Research & Development,Male,1. Under 3K,Laboratory Technician,No Overtime,1. 0-2 yrs,1,1904,0
26-35,Left,Sales,Female,3. 6K-10K,Sales Executive,Overtime,2. 3-5 yrs,1,8224,5
36-45,Stayed,Research & Development,Male,2. 3K-6K,Laboratory Technician,Overtime,1. 0-2 yrs,0,4766,1
26-35,Left,Research & Development,Male,1. Under 3K,Laboratory Technician,No Overtime,1. 0-2 yrs,1,2610,2
36-45,Stayed,Research & Development,Female,2. 3K-6K,Healthcare Representative,No Overtime,3. 6-10 yrs,0,5731,6
26-35,Stayed,Research & Development,Male,1. Under 3K,Research Scientist,No Overtime,2. 3-5 yrs,0,2539,4
26-35,Stayed,Sales,Female,2. 3K-6K,Sales Executive,No Overtime,3. 6-10 yrs,0,5714,6
26-35,Stayed,Human Resources,Male,2. 3K-6K,Human Resources,No Overtime,2. 3-5 yrs,0,4323,5
26-35,Left,Sales,Female,3. 6K-10K,Sales Executive,No Overtime,4. 10+ yrs,1,7336,11
36-45,Stayed,Research & Development,Female,4. Above 10K,Research Director,No Overtime,4. 10+ yrs,0,13499,18
36-45,Left,Sales,Male,4. Above 10K,Sales Executive,Overtime,4. 10+ yrs,1,13758,21
36-45,Stayed,Sales,Male,2. 3K-6K,Sales Executive,No Overtime,3. 6-10 yrs,0,5155,6
26-35,Stayed,Research & Development,Male,1. Under 3K,Laboratory Technician,No Overtime,3. 6-10 yrs,0,2258,8
18-25,Stayed,Research & Development,Male,2. 3K-6K,Laboratory Technician,No Overtime,2. 3-5 yrs,0,3597,4
26-35,Left,Research & Development,Female,1. Under 3K,Laboratory Technician,Overtime,1. 0-2 yrs,1,2515,1
26-35,Stayed,Research & Development,Male,2. 3K-6K,Laboratory Technician,No Overtime,3. 6-10 yrs,0,4420,8
26-35,Stayed,Sales,Male,3. 6K-10K,Sales Executive,No Overtime,3. 6-10 yrs,0,6578,10
36-45,Stayed,Research & Development,Female,2. 3K-6K,Research Scientist,Overtime,1. 0-2 yrs,0,4422,1
26-35,Stayed,Research & Development,Male,4. Above 10K,Manufacturing Director,No Overtime,3. 6-10 yrs,0,10274,7
26-35,Stayed,Research & Development,Male,2. 3K-6K,Healthcare Representative,No Overtime,4. 10+ yrs,0,5343,13
26-35,Stayed,Research & Development,Male,1. Under 3K,Laboratory Technician,No Overtime,1. 0-2 yrs,0,2376,2
36-45,Left,Sales,Female,2. 3K-6K,Sales Executive,No Overtime,2. 3-5 yrs,1,5346,4
26-35,Stayed,Sales,Female,1. Under 3K,Sales Representative,No Overtime,1. 0-2 yrs,0,2827,1
46-60,Stayed,Research & Development,Female,4. Above 10K,Manager,No Overtime,2. 3-5 yrs,0,19943,5
26-35,Stayed,Research & Development,Female,2. 3K-6K,Laboratory Technician,No Overtime,3. 6-10 yrs,0,3131,10
18-25,Stayed,Research & Development,Male,1. Under 3K,Research Scientist,No Overtime,1. 0-2 yrs,0,2552,1
36-45,Stayed,Research & Development,Female,2. 3K-6K,Research Scientist,Overtime,2. 3-5 yrs,0,4477,3
36-45,Stayed,Research & Development,Female,3. 6K-10K,Manufacturing Director,No Overtime,4. 10+ yrs,0,6474,14
18-25,Stayed,Research & Development,Male,2. 3K-6K,Laboratory Technician,No Overtime,1. 0-2 yrs,0,3033,2
36-45,Left,Research & Development,Male,1. Under 3K,Research Scientist,Overtime,3. 6-10 yrs,1,2936,6
46-60,Stayed,Research & Development,Female,4. Above 10K,Manager,No Overtime,3. 6-10 yrs,0,18606,7
26-35,Stayed,Research & Development,Female,1. Under 3K,Research Scientist,Overtime,2. 3-5 yrs,0,2168,5
18-25,Left,Research & Development,Male,1. Under 3K,Research Scientist,Overtime,1. 0-2 yrs,1,2853,0
46-60,Stayed,Sales,Female,4. Above 10K,Manager,No Overtime,4. 10+ yrs,0,17048,26
36-45,Stayed,Research & Development,Male,1. Under 3K,Research Scientist,No Overtime,1. 0-2 yrs,0,2290,0
26-35,Stayed,Human Resources,Male,2. 3K-6K,Human Resources,No Overtime,2. 3-5 yrs,0,3600,5
36-45,Left,Research & Development,Male,1. Under 3K,Research Scientist,No Overtime,1. 0-2 yrs,1,2107,1
26-35,Stayed,Sales,Male,2. 3K-6K,Sales Executive,No Overtime,2. 3-5 yrs,0,4115,4
36-45,Stayed,Sales,Male,2. 3K-6K,Sales Executive,No Overtime,1. 0-2 yrs,0,4327,0
46-60,Stayed,Research & Development,Female,4. Above 10K,Manager,No Overtime,1. 0-2 yrs,0,17856,2
26-35,Stayed,Research & Development,Male,2. 3K-6K,Laboratory Technician,No Overtime,3. 6-10 yrs,0,3196,6
46-60,Stayed,Research & Development,Male,4. Above 10K,Research Director,No Overtime,2. 3-5 yrs,0,19081,4
26-35,Stayed,Sales,Male,3. 6K-10K,Sales Executive,Overtime,3. 6-10 yrs,0,8966,7
18-25,Left,Research & Development,Female,1. Under 3K,Laboratory Technician,No Overtime,1. 0-2 yrs,1,2210,1
26-35,Stayed,Sales,Female,2. 3K-6K,Sales Executive,No Overtime,3. 6-10 yrs,0,4539,10
36-45,Stayed,Research & Development,Male,1. Under 3K,Laboratory Technician,No Overtime,3. 6-10 yrs,0,2741,7
26-35,Stayed,Research & Development,Male,2. 3K-6K,Laboratory Technician,No Overtime,3. 6-10 yrs,0,3491,10
36-45,Stayed,Research & Development,Male,2. 3K-6K,Research Scientist,No Overtime,4. 10+ yrs,0,4541,20
18-25,Stayed,Sales,Male,1. Under 3K,Sales Representative,No Overtime,1. 0-2 yrs,0,2678,2
46-60,Stayed,Research & Development,Male,3. 6K-10K,Manufacturing Director,No Overtime,3. 6-10 yrs,0,7379,6
36-45,Stayed,Human Resources,Male,3. 6K-10K,Human Resources,No Overtime,2. 3-5 yrs,0,6272,4
46-60,Stayed,Sales,Male,2. 3K-6K,Sales Executive,Overtime,4. 10+ yrs,0,5220,11
26-35,Stayed,Research & Development,Female,1. Under 3K,Laboratory Technician,No Overtime,1. 0-2 yrs,0,2743,2
26-35,Stayed,Research & Development,Female,2. 3K-6K,Research Scientist,Overtime,3. 6-10 yrs,0,4998,8
36-45,Stayed,Research & Development,Female,4. Above 10K,Manufacturing Director,Overtime,3. 6-10 yrs,0,10252,7
26-35,Stayed,Research & Development,Male,1. Under 3K,Research Scientist,No Overtime,4. 10+ yrs,0,2781,14
36-45,Stayed,Sales,Female,3. 6K-10K,Sales Executive,No Overtime,2. 3-5 yrs,0,6852,5
18-25,Stayed,Sales,Male,2. 3K-6K,Sales Executive,No Overtime,2. 3-5 yrs,0,4950,4
26-35,Stayed,Research & Development,Male,2. 3K-6K,Research Scientist,Overtime,4. 10+ yrs,0,3579,11
36-45,Stayed,Research & Development,Female,4. Above 10K,Research Director,Overtime,1. 0-2 yrs,0,13191,1
26-35,Stayed,Sales,Female,4. Above 10K,Sales Executive,Overtime,4. 10+ yrs,0,10377,13
26-35,Stayed,Research & Development,Male,1. Under 3K,Research Scientist,Overtime,3. 6-10 yrs,0,2235,9
46-60,Stayed,Research & Development,Female,4. Above 10K,Manufacturing Director,No Overtime,2. 3-5 yrs,0,10502,5
36-45,Stayed,Research & Development,Female,1. Under 3K,Research Scientist,No Overtime,3. 6-10 yrs,0,2011,10
18-25,Left,Research & Development,Female,1. Under 3K,Research Scientist,Overtime,1. 0-2 yrs,1,1859,1
26-35,Stayed,Research & Development,Female,2. 3K-6K,Research Scientist,No Overtime,2. 3-5 yrs,0,3760,3
46-60,Stayed,Research & Development,Male,4. Above 10K,Research Director,No Overtime,3. 6-10 yrs,0,17779,10
26-35,Stayed,Research & Development,Male,3. 6K-10K,Healthcare Representative,Overtime,3. 6-10 yrs,0,6833,6
26-35,Stayed,Research & Development,Female,3. 6K-10K,Healthcare Representative,No Overtime,3. 6-10 yrs,0,6812,10
46-60,Stayed,Sales,Female,2. 3K-6K,Sales Executive,No Overtime,3. 6-10 yrs,0,5171,6
36-45,Stayed,Research & Development,Male,4. Above 10K,Research Director,No Overtime,3. 6-10 yrs,0,19740,8
46-60,Stayed,Research & Development,Male,4. Above 10K,Manager,No Overtime,1. 0-2 yrs,0,18711,1
36-45,Stayed,Research & Development,Male,2. 3K-6K,Research Scientist,No Overtime,4. 10+ yrs,0,3692,11
46-60,Stayed,Research & Development,Male,1. Under 3K,Laboratory Technician,No Overtime,1. 0-2 yrs,0,2559,1
26-35,Stayed,Research & Development,Male,1. Under 3K,Research Scientist,No Overtime,2. 3-5 yrs,0,2517,5
26-35,Stayed,Research & Development,Male,3. 6K-10K,Healthcare Representative,Overtime,3. 6-10 yrs,0,6623,6
46-60,Stayed,Research & Development,Male,4. Above 10K,Research Director,No Overtime,1. 0-2 yrs,0,18265,1
26-35,Stayed,Research & Development,Female,4. Above 10K,Research Director,No Overtime,3. 6-10 yrs,0,16124,7
26-35,Stayed,Research & Development,Female,1. Under 3K,Research Scientist,No Overtime,1. 0-2 yrs,0,2585,1
36-45,Stayed,Sales,Male,4. Above 10K,Manager,No Overtime,4. 10+ yrs,0,18213,22
26-35,Stayed,Sales,Male,3. 6K-10K,Sales Executive,Overtime,3. 6-10 yrs,0,8380,9
18-25,Stayed,Research & Development,Female,1. Under 3K,Research Scientist,Overtime,1. 0-2 yrs,0,2994,1
18-25,Stayed,Research & Development,Male,1. Under 3K,Research Scientist,No Overtime,1. 0-2 yrs,0,1223,1
18-25,Left,Sales,Male,1. Under 3K,Sales Representative,Overtime,1. 0-2 yrs,1,1118,1
26-35,Stayed,Research & Development,Male,1. Under 3K,Research Scientist,Overtime,3. 6-10 yrs,0,2875,8
36-45,Left,Sales,Female,4. Above 10K,Manager,Overtime,4. 10+ yrs,1,18824,24
46-60,Stayed,Research & Development,Male,4. Above 10K,Healthcare Representative,Overtime,4. 10+ yrs,0,13577,33
18-25,Left,Research & Development,Female,1. Under 3K,Laboratory Technician,No Overtime,1. 0-2 yrs,1,2625,2
46-60,Stayed,Sales,Female,4. Above 10K,Manager,No Overtime,4. 10+ yrs,0,18789,11
26-35,Stayed,Sales,Female,2. 3K-6K,Sales Executive,Overtime,2. 3-5 yrs,0,4538,3
46-60,Stayed,Sales,Male,4. Above 10K,Manager,Overtime,4. 10+ yrs,0,19847,29
46-60,Stayed,Research & Development,Male,4. Above 10K,Manufacturing Director,No Overtime,3. 6-10 yrs,0,10512,9
26-35,Stayed,Research & Development,Female,2. 3K-6K,Laboratory Technician,No Overtime,4. 10+ yrs,0,4444,11
26-35,Stayed,Research & Development,Male,1. Under 3K,Laboratory Technician,Overtime,2. 3-5 yrs,0,2154,4
36-45,Stayed,Research & Development,Male,4. Above 10K,Manager,No Overtime,4. 10+ yrs,0,19190,25
26-35,Stayed,Human Resources,Male,2. 3K-6K,Human Resources,No Overtime,3. 6-10 yrs,0,4490,10
26-35,Stayed,Research & Development,Male,2. 3K-6K,Research Scientist,Overtime,2. 3-5 yrs,0,3506,3
36-45,Stayed,Research & Development,Female,1. Under 3K,Research Scientist,Overtime,1. 0-2 yrs,0,2372,1
36-45,Stayed,Sales,Female,4. Above 10K,Sales Executive,No Overtime,4. 10+ yrs,0,10231,21
36-45,Stayed,Research & Development,Female,2. 3K-6K,Manufacturing Director,Overtime,4. 10+ yrs,0,5410,16
36-45,Left,Research & Development,Female,3. 6K-10K,Healthcare Representative,No Overtime,3. 6-10 yrs,1,7978,10
26-35,Stayed,Research & Development,Male,2. 3K-6K,Laboratory Technician,Overtime,1. 0-2 yrs,0,3867,2
46-60,Stayed,Research & Development,Female,1. Under 3K,Laboratory Technician,No Overtime,3. 6-10 yrs,0,2838,7
26-35,Stayed,Research & Development,Female,2. 3K-6K,Manufacturing Director,Overtime,3. 6-10 yrs,0,4695,8
26-35,Left,Research & Development,Female,2. 3K-6K,Laboratory Technician,Overtime,3. 6-10 yrs,1,3339,7
26-35,Stayed,Research & Development,Male,1. Under 3K,Research Scientist,No Overtime,2. 3-5 yrs,0,2080,3
18-25,Stayed,Research & Development,Female,1. Under 3K,Research Scientist,No Overtime,1. 0-2 yrs,0,2096,2
26-35,Stayed,Sales,Male,3. 6K-10K,Sales Executive,No Overtime,3. 6-10 yrs,0,6209,10
36-45,Stayed,Research & Development,Female,4. Above 10K,Manager,No Overtime,1. 0-2 yrs,0,18061,0
36-45,Stayed,Research & Development,Female,4. Above 10K,Manager,Overtime,4. 10+ yrs,0,17123,19
46-60,Stayed,Research & Development,Male,1. Under 3K,Research Scientist,No Overtime,1. 0-2 yrs,0,2372,2
26-35,Left,Research & Development,Male,2. 3K-6K,Laboratory Technician,No Overtime,3. 6-10 yrs,1,4883,10
36-45,Left,Research & Development,Male,2. 3K-6K,Research Scientist,No Overtime,2. 3-5 yrs,1,3904,5
26-35,Stayed,Research & Development,Female,2. 3K-6K,Laboratory Technician,No Overtime,3. 6-10 yrs,0,4627,9
36-45,Stayed,Research & Development,Female,3. 6K-10K,Healthcare Representative,No Overtime,3. 6-10 yrs,0,7094,7
46-60,Stayed,Human Resources,Female,2. 3K-6K,Human Resources,No Overtime,3. 6-10 yrs,0,3423,7
26-35,Stayed,Research & Development,Female,3. 6K-10K,Laboratory Technician,No Overtime,3. 6-10 yrs,0,6674,9
46-60,Stayed,Research & Development,Female,4. Above 10K,Research Director,Overtime,2. 3-5 yrs,0,16880,3
36-45,Left,Sales,Male,3. 6K-10K,Sales Executive,Overtime,2. 3-5 yrs,1,9094,5
46-60,Left,Sales,Male,3. 6K-10K,Sales Executive,Overtime,3. 6-10 yrs,1,8446,8
26-35,Stayed,Research & Development,Female,4. Above 10K,Manager,Overtime,3. 6-10 yrs,0,11916,9
36-45,Stayed,Research & Development,Male,2. 3K-6K,Manufacturing Director,No Overtime,3. 6-10 yrs,0,4534,8
26-35,Stayed,Sales,Female,3. 6K-10K,Sales Executive,Overtime,3. 6-10 yrs,0,9852,10
36-45,Stayed,Sales,Male,3. 6K-10K,Sales Executive,No Overtime,4. 10+ yrs,0,6151,19
26-35,Left,Sales,Female,1. Under 3K,Sales Representative,Overtime,2. 3-5 yrs,1,2302,3
36-45,Left,Research & Development,Male,1. Under 3K,Laboratory Technician,No Overtime,2. 3-5 yrs,1,2362,3
36-45,Stayed,Research & Development,Male,4. Above 10K,Manager,Overtime,4. 10+ yrs,0,17861,20
46-60,Stayed,Research & Development,Female,4. Above 10K,Manager,No Overtime,4. 10+ yrs,0,19187,19
46-60,Stayed,Human Resources,Male,4. Above 10K,Manager,No Overtime,3. 6-10 yrs,0,19717,7
36-45,Stayed,Research & Development,Male,2. 3K-6K,Research Scientist,No Overtime,2. 3-5 yrs,0,3544,4
26-35,Stayed,Research & Development,Male,3. 6K-10K,Healthcare Representative,No Overtime,3. 6-10 yrs,0,8500,9
36-45,Stayed,Research & Development,Male,2. 3K-6K,Research Scientist,No Overtime,3. 6-10 yrs,0,4661,9
36-45,Stayed,Sales,Female,2. 3K-6K,Sales Executive,No Overtime,3. 6-10 yrs,0,4103,9
26-35,Stayed,Research & Development,Male,2. 3K-6K,Research Scientist,Overtime,3. 6-10 yrs,0,4249,9
46-60,Stayed,Human Resources,Male,4. Above 10K,Manager,Overtime,4. 10+ yrs,0,14026,33
36-45,Stayed,Sales,Female,3. 6K-10K,Sales Executive,No Overtime,3. 6-10 yrs,0,6893,7
26-35,Stayed,Sales,Female,3. 6K-10K,Sales Executive,No Overtime,3. 6-10 yrs,0,6125,10
18-25,Stayed,Research & Development,Male,2. 3K-6K,Laboratory Technician,No Overtime,2. 3-5 yrs,0,3669,3
46-60,Left,Research & Development,Female,4. Above 10K,Manufacturing Director,Overtime,3. 6-10 yrs,1,10008,10
36-45,Stayed,Research & Development,Male,1. Under 3K,Laboratory Technician,No Overtime,2. 3-5 yrs,0,2387,4
36-45,Stayed,Sales,Female,2. 3K-6K,Sales Executive,No Overtime,4. 10+ yrs,0,4639,15
46-60,Stayed,Research & Development,Male,3. 6K-10K,Manufacturing Director,No Overtime,3. 6-10 yrs,0,7898,10
26-35,Stayed,Sales,Female,1. Under 3K,Sales Representative,No Overtime,1. 0-2 yrs,0,2534,1
46-60,Stayed,Research & Development,Female,4. Above 10K,Manufacturing Director,No Overtime,2. 3-5 yrs,0,13142,5
18-25,Stayed,Research & Development,Female,1. Under 3K,Laboratory Technician,No Overtime,1. 0-2 yrs,0,1611,0
26-35,Stayed,Research & Development,Female,2. 3K-6K,Laboratory Technician,No Overtime,3. 6-10 yrs,0,5363,9
26-35,Stayed,Sales,Male,2. 3K-6K,Sales Executive,No Overtime,3. 6-10 yrs,0,5071,6
46-60,Left,Sales,Male,4. Above 10K,Sales Executive,Overtime,4. 10+ yrs,1,13695,19
46-60,Stayed,Research & Development,Male,4. Above 10K,Manufacturing Director,Overtime,4. 10+ yrs,0,13402,19
26-35,Stayed,Research & Development,Female,1. Under 3K,Research Scientist,No Overtime,2. 3-5 yrs,0,2029,5
36-45,Stayed,Research & Development,Female,3. 6K-10K,Healthcare Representative,No Overtime,4. 10+ yrs,0,6377,12
26-35,Stayed,Research & Development,Male,2. 3K-6K,Laboratory Technician,No Overtime,3. 6-10 yrs,0,5429,8
26-35,Left,Sales,Female,1. Under 3K,Sales Representative,No Overtime,1. 0-2 yrs,1,2785,1
26-35,Left,Sales,Female,2. 3K-6K,Sales Executive,Overtime,2. 3-5 yrs,1,4614,4
36-45,Stayed,Research & Development,Male,1. Under 3K,Research Scientist,No Overtime,2. 3-5 yrs,0,2610,4
26-35,Stayed,Research & Development,Female,3. 6K-10K,Healthcare Representative,No Overtime,4. 10+ yrs,0,6687,14
26-35,Stayed,Sales,Male,2. 3K-6K,Sales Executive,No Overtime,2. 3-5 yrs,0,4724,5
26-35,Left,Research & Development,Male,3. 6K-10K,Manufacturing Director,Overtime,3. 6-10 yrs,1,6179,10
36-45,Stayed,Sales,Male,3. 6K-10K,Sales Executive,Overtime,2. 3-5 yrs,0,6120,5
46-60,Stayed,Sales,Male,4. Above 10K,Sales Executive,No Overtime,2. 3-5 yrs,0,10596,4
36-45,Stayed,Research & Development,Female,2. 3K-6K,Research Scientist,Overtime,3. 6-10 yrs,0,5467,6
36-45,Stayed,Research & Development,Male,1. Under 3K,Research Scientist,Overtime,3. 6-10 yrs,0,2996,6
26-35,Stayed,Sales,Male,3. 6K-10K,Sales Executive,No Overtime,2. 3-5 yrs,0,9998,5
26-35,Stayed,Sales,Male,2. 3K-6K,Sales Executive,Overtime,2. 3-5 yrs,0,4078,3
36-45,Stayed,Research & Development,Male,4. Above 10K,Healthcare Representative,No Overtime,3. 6-10 yrs,0,10920,6
18-25,Stayed,Sales,Male,3. 6K-10K,Sales Executive,No Overtime,2. 3-5 yrs,0,6232,3
46-60,Stayed,Research & Development,Female,4. Above 10K,Manufacturing Director,Overtime,2. 3-5 yrs,0,13247,5
36-45,Stayed,Research & Development,Female,2. 3K-6K,Research Scientist,Overtime,4. 10+ yrs,0,4081,20
26-35,Stayed,Sales,Female,2. 3K-6K,Sales Executive,Overtime,3. 6-10 yrs,0,5769,6
26-35,Left,Research & Development,Female,1. Under 3K,Research Scientist,Overtime,3. 6-10 yrs,1,2394,8
26-35,Stayed,Research & Development,Male,2. 3K-6K,Research Scientist,No Overtime,2. 3-5 yrs,0,3904,4
36-45,Stayed,Human Resources,Female,4. Above 10K,Manager,No Overtime,4. 10+ yrs,0,16799,20
46-60,Stayed,Research & Development,Female,1. Under 3K,Laboratory Technician,No Overtime,2. 3-5 yrs,0,2950,5
36-45,Stayed,Research & Development,Female,2. 3K-6K,Laboratory Technician,No Overtime,2. 3-5 yrs,0,3629,3
26-35,Stayed,Research & Development,Male,3. 6K-10K,Manufacturing Director,No Overtime,1. 0-2 yrs,0,9362,2
18-25,Stayed,Research & Development,Male,2. 3K-6K,Laboratory Technician,No Overtime,2. 3-5 yrs,0,3229,3
26-35,Stayed,Research & Development,Male,2. 3K-6K,Laboratory Technician,No Overtime,3. 6-10 yrs,0,3578,7
26-35,Stayed,Human Resources,Male,3. 6K-10K,Human Resources,No Overtime,3. 6-10 yrs,0,7988,10
46-60,Left,Research & Development,Male,2. 3K-6K,Laboratory Technician,No Overtime,2. 3-5 yrs,1,4284,4
26-35,Left,Research & Development,Female,3. 6K-10K,Healthcare Representative,Overtime,3. 6-10 yrs,1,7553,8
46-60,Stayed,Research & Development,Female,4. Above 10K,Research Director,No Overtime,4. 10+ yrs,0,17328,20
46-60,Stayed,Research & Development,Female,4. Above 10K,Research Director,Overtime,3. 6-10 yrs,0,19701,9
46-60,Stayed,Research & Development,Male,4. Above 10K,Research Director,No Overtime,3. 6-10 yrs,0,14732,7
36-45,Stayed,Sales,Female,3. 6K-10K,Sales Executive,Overtime,2. 3-5 yrs,0,9278,5
26-35,Left,Sales,Female,1. Under 3K,Sales Representative,No Overtime,1. 0-2 yrs,1,1359,1
26-35,Stayed,Sales,Female,2. 3K-6K,Sales Executive,No Overtime,2. 3-5 yrs,0,4779,3
26-35,Stayed,Research & Development,Female,4. Above 10K,Research Director,No Overtime,2. 3-5 yrs,0,16422,3
26-35,Stayed,Research & Development,Male,1. Under 3K,Research Scientist,No Overtime,2. 3-5 yrs,0,2996,4
26-35,Left,Research & Development,Female,1. Under 3K,Research Scientist,No Overtime,1. 0-2 yrs,1,1261,1
26-35,Stayed,Research & Development,Male,1. Under 3K,Laboratory Technician,No Overtime,2. 3-5 yrs,0,2099,5
36-45,Stayed,Research & Development,Male,2. 3K-6K,Laboratory Technician,No Overtime,3. 6-10 yrs,0,5810,10
36-45,Stayed,Sales,Female,2. 3K-6K,Sales Executive,No Overtime,2. 3-5 yrs,0,5647,3
46-60,Stayed,Research & Development,Male,2. 3K-6K,Research Scientist,No Overtime,3. 6-10 yrs,0,3420,6
18-25,Left,Sales,Male,2. 3K-6K,Sales Representative,No Overtime,2. 3-5 yrs,1,4400,3
36-45,Stayed,Research & Development,Male,2. 3K-6K,Laboratory Technician,No Overtime,3. 6-10 yrs,0,3500,6
46-60,Stayed,Research & Development,Female,1. Under 3K,Research Scientist,No Overtime,2. 3-5 yrs,0,2066,3
46-60,Stayed,Research & Development,Female,4. Above 10K,Research Director,No Overtime,4. 10+ yrs,0,17169,20
18-25,Stayed,Sales,Female,2. 3K-6K,Sales Executive,Overtime,2. 3-5 yrs,0,4162,5
26-35,Stayed,Sales,Male,3. 6K-10K,Sales Executive,No Overtime,2. 3-5 yrs,0,9204,4
26-35,Stayed,Research & Development,Female,2. 3K-6K,Laboratory Technician,No Overtime,2. 3-5 yrs,0,3294,5
36-45,Stayed,Research & Development,Male,1. Under 3K,Research Scientist,Overtime,2. 3-5 yrs,0,2127,4
36-45,Stayed,Research & Development,Male,2. 3K-6K,Laboratory Technician,No Overtime,3. 6-10 yrs,0,3975,8
26-35,Stayed,Sales,Male,4. Above 10K,Sales Executive,No Overtime,4. 10+ yrs,0,10793,13
46-60,Left,Sales,Male,4. Above 10K,Sales Executive,No Overtime,3. 6-10 yrs,1,10096,7
36-45,Left,Research & Development,Female,2. 3K-6K,Laboratory Technician,Overtime,1. 0-2 yrs,1,3646,1
26-35,Left,Research & Development,Female,3. 6K-10K,Manufacturing Director,No Overtime,3. 6-10 yrs,1,7446,10
36-45,Stayed,Research & Development,Male,4. Above 10K,Healthcare Representative,Overtime,3. 6-10 yrs,0,10851,7
26-35,Stayed,Human Resources,Female,1. Under 3K,Human Resources,No Overtime,2. 3-5 yrs,0,2109,3
26-35,Left,Research & Development,Male,2. 3K-6K,Laboratory Technician,Overtime,1. 0-2 yrs,1,3722,2
36-45,Stayed,Research & Development,Male,3. 6K-10K,Manufacturing Director,Overtime,2. 3-5 yrs,0,9380,3
46-60,Stayed,Sales,Male,2. 3K-6K,Sales Executive,No Overtime,1. 0-2 yrs,0,5486,2
26-35,Left,Human Resources,Female,1. Under 3K,Human Resources,No Overtime,1. 0-2 yrs,1,2742,2
36-45,Stayed,Research & Development,Male,4. Above 10K,Research Director,No Overtime,3. 6-10 yrs,0,13757,9
26-35,Stayed,Sales,Male,3. 6K-10K,Sales Executive,No Overtime,2. 3-5 yrs,0,8463,5
36-45,Stayed,Research & Development,Male,2. 3K-6K,Laboratory Technician,No Overtime,2. 3-5 yrs,0,3162,5
46-60,Stayed,Research & Development,Male,4. Above 10K,Research Director,No Overtime,3. 6-10 yrs,0,16598,9
46-60,Stayed,Research & Development,Male,3. 6K-10K,Healthcare Representative,No Overtime,2. 3-5 yrs,0,6651,3
36-45,Stayed,Research & Development,Male,1. Under 3K,Research Scientist,No Overtime,2. 3-5 yrs,0,2345,3
36-45,Stayed,Research & Development,Male,2. 3K-6K,Research Scientist,No Overtime,2. 3-5 yrs,0,3420,5
26-35,Stayed,Sales,Male,2. 3K-6K,Sales Executive,No Overtime,2. 3-5 yrs,0,4373,4
26-35,Stayed,Sales,Male,2. 3K-6K,Sales Executive,No Overtime,4. 10+ yrs,0,4759,13
26-35,Stayed,Sales,Male,2. 3K-6K,Sales Executive,No Overtime,1. 0-2 yrs,0,5301,2
36-45,Stayed,Research & Development,Female,2. 3K-6K,Laboratory Technician,No Overtime,4. 10+ yrs,0,3673,12
36-45,Stayed,Sales,Female,2. 3K-6K,Sales Executive,No Overtime,1. 0-2 yrs,0,4768,1
26-35,Stayed,Research & Development,Male,1. Under 3K,Research Scientist,No Overtime,1. 0-2 yrs,0,1274,1
46-60,Stayed,Research & Development,Male,2. 3K-6K,Research Scientist,No Overtime,4. 10+ yrs,0,4900,12
46-60,Stayed,Research & Development,Male,4. Above 10K,Healthcare Representative,No Overtime,3. 6-10 yrs,0,10466,8
26-35,Stayed,Research & Development,Male,4. Above 10K,Research Director,No Overtime,4. 10+ yrs,0,17007,14
26-35,Left,Sales,Male,1. Under 3K,Sales Representative,No Overtime,2. 3-5 yrs,1,2909,3
26-35,Left,Sales,Female,2. 3K-6K,Sales Executive,No Overtime,2. 3-5 yrs,1,5765,5
26-35,Left,Sales,Female,2. 3K-6K,Sales Executive,Overtime,4. 10+ yrs,1,4599,15
26-35,Stayed,Sales,Male,1. Under 3K,Sales Representative,No Overtime,1. 0-2 yrs,0,2404,1
18-25,Left,Research & Development,Male,2. 3K-6K,Laboratory Technician,Overtime,1. 0-2 yrs,1,3172,0
18-25,Stayed,Sales,Female,1. Under 3K,Sales Representative,No Overtime,1. 0-2 yrs,0,2033,1
36-45,Stayed,Research & Development,Male,4. Above 10K,Manufacturing Director,Overtime,1. 0-2 yrs,0,10209,2
26-35,Stayed,Sales,Male,3. 6K-10K,Sales Executive,No Overtime,3. 6-10 yrs,0,8620,10
26-35,Stayed,Human Resources,Male,1. Under 3K,Human Resources,No Overtime,2. 3-5 yrs,0,2064,5
46-60,Stayed,Research & Development,Male,2. 3K-6K,Healthcare Representative,Overtime,2. 3-5 yrs,0,4035,3
26-35,Stayed,Research & Development,Female,2. 3K-6K,Laboratory Technician,No Overtime,2. 3-5 yrs,0,3838,5
46-60,Stayed,Sales,Female,2. 3K-6K,Sales Executive,Overtime,2. 3-5 yrs,0,4591,5
26-35,Left,Research & Development,Male,1. Under 3K,Laboratory Technician,No Overtime,1. 0-2 yrs,1,2561,0
26-35,Stayed,Research & Development,Male,1. Under 3K,Research Scientist,No Overtime,1. 0-2 yrs,0,1563,1
26-35,Stayed,Sales,Male,2. 3K-6K,Sales Executive,No Overtime,2. 3-5 yrs,0,4898,4
46-60,Stayed,Research & Development,Female,2. 3K-6K,Laboratory Technician,No Overtime,2. 3-5 yrs,0,4789,3
26-35,Stayed,Research & Development,Female,2. 3K-6K,Laboratory Technician,No Overtime,2. 3-5 yrs,0,3180,3
26-35,Stayed,Research & Development,Male,3. 6K-10K,Manufacturing Director,No Overtime,3. 6-10 yrs,0,6549,8
26-35,Stayed,Research & Development,Male,3. 6K-10K,Healthcare Representative,Overtime,1. 0-2 yrs,0,6388,0
26-35,Stayed,Research & Development,Male,4. Above 10K,Manager,No Overtime,2. 3-5 yrs,0,11244,5
46-60,Stayed,Research & Development,Female,4. Above 10K,Manager,No Overtime,4. 10+ yrs,0,16032,14
26-35,Left,Research & Development,Male,1. Under 3K,Research Scientist,No Overtime,3. 6-10 yrs,1,2362,9
36-45,Stayed,Research & Development,Male,4. Above 10K,Research Director,No Overtime,4. 10+ yrs,0,16328,20
36-45,Stayed,Research & Development,Female,3. 6K-10K,Manufacturing Director,No Overtime,1. 0-2 yrs,0,8376,2
46-60,Stayed,Sales,Female,4. Above 10K,Manager,No Overtime,4. 10+ yrs,0,16606,13
26-35,Stayed,Research & Development,Female,3. 6K-10K,Healthcare Representative,No Overtime,4. 10+ yrs,0,8606,11
18-25,Stayed,Research & Development,Male,1. Under 3K,Laboratory Technician,No Overtime,2. 3-5 yrs,0,2272,4
36-45,Left,Research & Development,Male,1. Under 3K,Laboratory Technician,No Overtime,2. 3-5 yrs,1,2018,5
26-35,Stayed,Sales,Male,3. 6K-10K,Sales Executive,Overtime,3. 6-10 yrs,0,7083,10
26-35,Left,Research & Development,Female,2. 3K-6K,Research Scientist,No Overtime,3. 6-10 yrs,1,4084,7
46-60,Stayed,Research & Development,Male,4. Above 10K,Research Director,Overtime,4. 10+ yrs,0,14411,32
26-35,Stayed,Sales,Male,1. Under 3K,Sales Representative,Overtime,4. 10+ yrs,0,2308,11
36-45,Stayed,Research & Development,Male,2. 3K-6K,Laboratory Technician,No Overtime,1. 0-2 yrs,0,4841,1
36-45,Stayed,Research & Development,Male,2. 3K-6K,Research Scientist,No Overtime,3. 6-10 yrs,0,4285,10
26-35,Stayed,Research & Development,Female,3. 6K-10K,Healthcare Representative,No Overtime,3. 6-10 yrs,0,9715,7
26-35,Stayed,Research & Development,Male,2. 3K-6K,Manufacturing Director,No Overtime,2. 3-5 yrs,0,4320,5
36-45,Stayed,Research & Development,Male,1. Under 3K,Research Scientist,No Overtime,2. 3-5 yrs,0,2132,5
36-45,Stayed,Research & Development,Male,4. Above 10K,Healthcare Representative,Overtime,4. 10+ yrs,0,10124,20
36-45,Stayed,Sales,Male,2. 3K-6K,Sales Executive,No Overtime,3. 6-10 yrs,0,5473,8
26-35,Stayed,Research & Development,Male,2. 3K-6K,Laboratory Technician,Overtime,4. 10+ yrs,0,5207,15
36-45,Stayed,Human Resources,Male,4. Above 10K,Manager,Overtime,4. 10+ yrs,0,16437,21
18-25,Stayed,Research & Development,Male,1. Under 3K,Laboratory Technician,No Overtime,1. 0-2 yrs,0,2296,1
36-45,Stayed,Research & Development,Male,2. 3K-6K,Healthcare Representative,Overtime,1. 0-2 yrs,0,4069,2
36-45,Stayed,Research & Development,Male,3. 6K-10K,Healthcare Representative,No Overtime,3. 6-10 yrs,0,7441,10
26-35,Stayed,Sales,Female,1. Under 3K,Sales Representative,No Overtime,2. 3-5 yrs,0,2430,5
26-35,Stayed,Research & Development,Female,2. 3K-6K,Research Scientist,No Overtime,3. 6-10 yrs,0,5878,7
36-45,Stayed,Sales,Male,1. Under 3K,Sales Representative,Overtime,2. 3-5 yrs,0,2644,3
46-60,Stayed,Sales,Female,3. 6K-10K,Sales Executive,No Overtime,3. 6-10 yrs,0,6439,8
26-35,Stayed,Research & Development,Male,1. Under 3K,Research Scientist,No Overtime,1. 0-2 yrs,0,2451,1
26-35,Stayed,Sales,Male,3. 6K-10K,Sales Executive,No Overtime,1. 0-2 yrs,0,6392,2
26-35,Left,Sales,Male,3. 6K-10K,Sales Executive,No Overtime,3. 6-10 yrs,1,9714,10
36-45,Stayed,Human Resources,Male,3. 6K-10K,Human Resources,No Overtime,3. 6-10 yrs,0,6077,6
26-35,Stayed,Research & Development,Male,1. Under 3K,Laboratory Technician,No Overtime,2. 3-5 yrs,0,2450,3
26-35,Stayed,Sales,Male,3. 6K-10K,Sales Executive,No Overtime,2. 3-5 yrs,0,9250,4
26-35,Left,Research & Development,Female,1. Under 3K,Laboratory Technician,Overtime,1. 0-2 yrs,1,2074,1
46-60,Left,Research & Development,Female,4. Above 10K,Manufacturing Director,No Overtime,4. 10+ yrs,1,10169,33
36-45,Left,Research & Development,Male,2. 3K-6K,Manufacturing Director,No Overtime,2. 3-5 yrs,1,4855,5
26-35,Stayed,Research & Development,Male,2. 3K-6K,Research Scientist,No Overtime,3. 6-10 yrs,0,4087,6
46-60,Stayed,Research & Development,Female,1. Under 3K,Research Scientist,No Overtime,3. 6-10 yrs,0,2367,8
26-35,Stayed,Research & Development,Male,1. Under 3K,Research Scientist,No Overtime,1. 0-2 yrs,0,2972,1
46-60,Stayed,Sales,Male,4. Above 10K,Manager,No Overtime,4. 10+ yrs,0,19586,36
26-35,Stayed,Research & Development,Male,2. 3K-6K,Research Scientist,No Overtime,1. 0-2 yrs,0,5484,2
26-35,Stayed,Research & Development,Female,1. Under 3K,Research Scientist,No Overtime,1. 0-2 yrs,0,2061,1
36-45,Stayed,Sales,Male,3. 6K-10K,Sales Executive,No Overtime,3. 6-10 yrs,0,9924,9
36-45,Stayed,Sales,Female,2. 3K-6K,Sales Executive,No Overtime,2. 3-5 yrs,0,4198,3
36-45,Stayed,Sales,Female,3. 6K-10K,Sales Executive,No Overtime,1. 0-2 yrs,0,6815,1
26-35,Stayed,Research & Development,Male,2. 3K-6K,Laboratory Technician,Overtime,3. 6-10 yrs,0,4723,10
26-35,Stayed,Research & Development,Female,3. 6K-10K,Healthcare Representative,Overtime,2. 3-5 yrs,0,6142,5
36-45,Stayed,Sales,Male,3. 6K-10K,Sales Executive,No Overtime,3. 6-10 yrs,0,8237,7
26-35,Stayed,Research & Development,Male,3. 6K-10K,Healthcare Representative,No Overtime,3. 6-10 yrs,0,8853,6
46-60,Stayed,Sales,Male,4. Above 10K,Manager,Overtime,1. 0-2 yrs,0,19331,1
18-25,Stayed,Research & Development,Male,1. Under 3K,Research Scientist,No Overtime,1. 0-2 yrs,0,2073,2
36-45,Stayed,Research & Development,Male,2. 3K-6K,Laboratory Technician,Overtime,2. 3-5 yrs,0,5562,3
36-45,Stayed,Research & Development,Male,4. Above 10K,Manager,No Overtime,1. 0-2 yrs,0,19613,1
26-35,Stayed,Research & Development,Male,2. 3K-6K,Laboratory Technician,No Overtime,3. 6-10 yrs,0,3407,10
26-35,Stayed,Research & Development,Male,2. 3K-6K,Healthcare Representative,No Overtime,3. 6-10 yrs,0,5063,8
36-45,Stayed,Sales,Female,2. 3K-6K,Sales Executive,No Overtime,2. 3-5 yrs,0,4639,5
36-45,Stayed,Research & Development,Male,2. 3K-6K,Laboratory Technician,No Overtime,3. 6-10 yrs,0,4876,6
26-35,Stayed,Research & Development,Male,1. Under 3K,Laboratory Technician,No Overtime,1. 0-2 yrs,0,2690,1
46-60,Stayed,Sales,Male,4. Above 10K,Manager,No Overtime,4. 10+ yrs,0,17567,26
26-35,Left,Research & Development,Male,1. Under 3K,Laboratory Technician,Overtime,1. 0-2 yrs,1,2408,1
18-25,Stayed,Research & Development,Female,1. Under 3K,Research Scientist,Overtime,2. 3-5 yrs,0,2814,4
46-60,Stayed,Research & Development,Male,4. Above 10K,Healthcare Representative,Overtime,4. 10+ yrs,0,11245,30
26-35,Stayed,Research & Development,Female,2. 3K-6K,Research Scientist,No Overtime,2. 3-5 yrs,0,3312,3
36-45,Stayed,Research & Development,Female,4. Above 10K,Research Director,Overtime,4. 10+ yrs,0,19049,22
26-35,Stayed,Research & Development,Male,1. Under 3K,Research Scientist,No Overtime,3. 6-10 yrs,0,2141,6
36-45,Stayed,Research & Development,Female,2. 3K-6K,Laboratory Technician,Overtime,3. 6-10 yrs,0,5769,10
36-45,Stayed,Sales,Male,2. 3K-6K,Sales Executive,No Overtime,3. 6-10 yrs,0,4385,10
26-35,Stayed,Sales,Male,2. 3K-6K,Sales Executive,No Overtime,2. 3-5 yrs,0,5332,5
36-45,Stayed,Research & Development,Female,2. 3K-6K,Manufacturing Director,Overtime,2. 3-5 yrs,0,4663,3
26-35,Stayed,Research & Development,Male,2. 3K-6K,Manufacturing Director,No Overtime,3. 6-10 yrs,0,4724,9
46-60,Stayed,Research & Development,Female,2. 3K-6K,Laboratory Technician,No Overtime,3. 6-10 yrs,0,3211,9
36-45,Stayed,Research & Development,Male,2. 3K-6K,Manufacturing Director,No Overtime,3. 6-10 yrs,0,5377,7
26-35,Stayed,Research & Development,Male,2. 3K-6K,Laboratory Technician,No Overtime,3. 6-10 yrs,0,4066,7
26-35,Stayed,Research & Development,Male,2. 3K-6K,Research Scientist,No Overtime,4. 10+ yrs,0,5208,16
26-35,Stayed,Research & Development,Female,2. 3K-6K,Manufacturing Director,No Overtime,2. 3-5 yrs,0,4877,5
18-25,Stayed,Research & Development,Male,2. 3K-6K,Research Scientist,No Overtime,1. 0-2 yrs,0,3117,2
18-25,Left,Sales,Female,1. Under 3K,Sales Representative,Overtime,1. 0-2 yrs,1,1569,0
46-60,Stayed,Human Resources,Female,4. Above 10K,Manager,No Overtime,2. 3-5 yrs,0,19658,5
36-45,Stayed,Research & Development,Male,2. 3K-6K,Laboratory Technician,No Overtime,3. 6-10 yrs,0,3069,10
36-45,Stayed,Research & Development,Female,4. Above 10K,Manufacturing Director,No Overtime,4. 10+ yrs,0,10435,18
26-35,Stayed,Research & Development,Female,2. 3K-6K,Healthcare Representative,No Overtime,4. 10+ yrs,0,4148,14
36-45,Stayed,Research & Development,Male,2. 3K-6K,Manufacturing Director,No Overtime,2. 3-5 yrs,0,5768,4
36-45,Stayed,Research & Development,Female,2. 3K-6K,Manufacturing Director,No Overtime,3. 6-10 yrs,0,5042,9
36-45,Stayed,Research & Development,Female,2. 3K-6K,Manufacturing Director,No Overtime,3. 6-10 yrs,0,5770,10
36-45,Stayed,Research & Development,Female,3. 6K-10K,Manufacturing Director,Overtime,2. 3-5 yrs,0,7756,5
26-35,Left,Sales,Male,4. Above 10K,Sales Executive,No Overtime,4. 10+ yrs,1,10306,13
36-45,Stayed,Research & Development,Female,2. 3K-6K,Research Scientist,No Overtime,3. 6-10 yrs,0,3936,8
36-45,Stayed,Research & Development,Female,3. 6K-10K,Manufacturing Director,Overtime,2. 3-5 yrs,0,7945,4
36-45,Stayed,Human Resources,Male,2. 3K-6K,Human Resources,Overtime,3. 6-10 yrs,0,5743,10
46-60,Stayed,Research & Development,Male,4. Above 10K,Manager,No Overtime,1. 0-2 yrs,0,15202,2
26-35,Left,Sales,Male,2. 3K-6K,Sales Executive,Overtime,1. 0-2 yrs,1,5440,2
18-25,Stayed,Research & Development,Female,2. 3K-6K,Research Scientist,Overtime,3. 6-10 yrs,0,3760,6
26-35,Stayed,Research & Development,Female,2. 3K-6K,Research Scientist,No Overtime,2. 3-5 yrs,0,3517,3
26-35,Stayed,Research & Development,Male,1. Under 3K,Research Scientist,No Overtime,2. 3-5 yrs,0,2580,4
36-45,Left,Research & Development,Male,1. Under 3K,Laboratory Technician,Overtime,2. 3-5 yrs,1,2166,4
26-35,Stayed,Sales,Male,2. 3K-6K,Sales Executive,No Overtime,2. 3-5 yrs,0,5869,5
36-45,Stayed,Research & Development,Female,3. 6K-10K,Healthcare Representative,No Overtime,2. 3-5 yrs,0,8008,3
18-25,Stayed,Research & Development,Male,2. 3K-6K,Manufacturing Director,No Overtime,3. 6-10 yrs,0,5206,7
36-45,Stayed,Research & Development,Male,2. 3K-6K,Manufacturing Director,No Overtime,2. 3-5 yrs,0,5295,5
46-60,Stayed,Research & Development,Female,4. Above 10K,Research Director,No Overtime,2. 3-5 yrs,0,16413,4
46-60,Stayed,Research & Development,Female,4. Above 10K,Research Director,No Overtime,4. 10+ yrs,0,13269,14
18-25,Stayed,Sales,Female,1. Under 3K,Sales Representative,No Overtime,1. 0-2 yrs,0,2783,2
26-35,Stayed,Research & Development,Female,2. 3K-6K,Research Scientist,No Overtime,4. 10+ yrs,0,5433,11
36-45,Stayed,Research & Development,Male,1. Under 3K,Laboratory Technician,No Overtime,2. 3-5 yrs,0,2013,4
46-60,Stayed,Research & Development,Female,4. Above 10K,Healthcare Representative,Overtime,4. 10+ yrs,0,13966,15
36-45,Stayed,Research & Development,Female,2. 3K-6K,Manufacturing Director,No Overtime,2. 3-5 yrs,0,4374,3
36-45,Stayed,Research & Development,Male,3. 6K-10K,Healthcare Representative,No Overtime,2. 3-5 yrs,0,6842,5
46-60,Stayed,Research & Development,Female,4. Above 10K,Manager,No Overtime,3. 6-10 yrs,0,17426,10
36-45,Stayed,Research & Development,Male,4. Above 10K,Research Director,No Overtime,4. 10+ yrs,0,17603,14
26-35,Left,Sales,Male,2. 3K-6K,Sales Executive,Overtime,4. 10+ yrs,1,4581,11
36-45,Stayed,Research & Development,Male,2. 3K-6K,Research Scientist,No Overtime,4. 10+ yrs,0,4735,13
26-35,Stayed,Sales,Male,2. 3K-6K,Sales Executive,Overtime,3. 6-10 yrs,0,4187,10
26-35,Stayed,Sales,Male,2. 3K-6K,Sales Executive,No Overtime,3. 6-10 yrs,0,5505,6
26-35,Stayed,Research & Development,Male,2. 3K-6K,Research Scientist,No Overtime,3. 6-10 yrs,0,5470,9
26-35,Stayed,Sales,Female,2. 3K-6K,Sales Executive,No Overtime,3. 6-10 yrs,0,5476,10
46-60,Stayed,Research & Development,Female,1. Under 3K,Laboratory Technician,Overtime,1. 0-2 yrs,0,2587,2
36-45,Stayed,Research & Development,Female,1. Under 3K,Laboratory Technician,No Overtime,2. 3-5 yrs,0,2440,4
46-60,Stayed,Sales,Female,4. Above 10K,Manager,No Overtime,2. 3-5 yrs,0,15972,3
46-60,Stayed,Research & Development,Male,4. Above 10K,Manager,No Overtime,3. 6-10 yrs,0,15379,8
36-45,Stayed,Sales,Male,3. 6K-10K,Sales Executive,Overtime,1. 0-2 yrs,0,7082,2
18-25,Stayed,Sales,Male,1. Under 3K,Sales Representative,No Overtime,1. 0-2 yrs,0,2728,2
26-35,Stayed,Sales,Female,2. 3K-6K,Sales Executive,Overtime,3. 6-10 yrs,0,5368,6
36-45,Stayed,Research & Development,Male,2. 3K-6K,Healthcare Representative,No Overtime,2. 3-5 yrs,0,5347,3
36-45,Stayed,Human Resources,Female,2. 3K-6K,Human Resources,Overtime,1. 0-2 yrs,0,3195,2
18-25,Left,Research & Development,Male,2. 3K-6K,Laboratory Technician,Overtime,2. 3-5 yrs,1,3989,5
36-45,Stayed,Research & Development,Female,2. 3K-6K,Laboratory Technician,No Overtime,1. 0-2 yrs,0,3306,0
46-60,Stayed,Research & Development,Male,3. 6K-10K,Healthcare Representative,No Overtime,2. 3-5 yrs,0,7005,4
46-60,Left,Sales,Female,1. Under 3K,Sales Representative,Overtime,3. 6-10 yrs,1,2655,9
26-35,Left,Research & Development,Male,1. Under 3K,Laboratory Technician,No Overtime,1. 0-2 yrs,1,1393,1
26-35,Stayed,Research & Development,Male,1. Under 3K,Laboratory Technician,No Overtime,3. 6-10 yrs,0,2570,7
46-60,Stayed,Research & Development,Male,2. 3K-6K,Research Scientist,No Overtime,2. 3-5 yrs,0,3537,4
26-35,Stayed,Research & Development,Male,2. 3K-6K,Laboratory Technician,No Overtime,4. 10+ yrs,0,3986,15
46-60,Stayed,Research & Development,Male,4. Above 10K,Healthcare Representative,No Overtime,1. 0-2 yrs,0,10883,1
26-35,Stayed,Research & Development,Male,1. Under 3K,Laboratory Technician,No Overtime,4. 10+ yrs,0,2028,14
36-45,Stayed,Sales,Male,3. 6K-10K,Sales Executive,No Overtime,3. 6-10 yrs,0,9525,6
26-35,Stayed,Research & Development,Female,1. Under 3K,Research Scientist,No Overtime,3. 6-10 yrs,0,2929,10
18-25,Left,Sales,Male,1. Under 3K,Sales Representative,Overtime,2. 3-5 yrs,1,2275,3
36-45,Stayed,Research & Development,Female,3. 6K-10K,Healthcare Representative,Overtime,3. 6-10 yrs,0,7879,8
26-35,Stayed,Research & Development,Male,2. 3K-6K,Research Scientist,Overtime,2. 3-5 yrs,0,4930,5
36-45,Stayed,Sales,Male,3. 6K-10K,Sales Executive,Overtime,3. 6-10 yrs,0,7847,10
18-25,Stayed,Research & Development,Male,2. 3K-6K,Research Scientist,No Overtime,2. 3-5 yrs,0,4401,5
36-45,Stayed,Sales,Male,3. 6K-10K,Sales Executive,No Overtime,3. 6-10 yrs,0,9241,10
26-35,Stayed,Research & Development,Female,1. Under 3K,Laboratory Technician,No Overtime,2. 3-5 yrs,0,2974,5
36-45,Stayed,Sales,Female,2. 3K-6K,Sales Representative,No Overtime,4. 10+ yrs,0,4502,13
36-45,Stayed,Research & Development,Male,4. Above 10K,Healthcare Representative,No Overtime,4. 10+ yrs,0,10748,23
18-25,Left,Human Resources,Male,1. Under 3K,Human Resources,No Overtime,1. 0-2 yrs,1,1555,1
46-60,Left,Sales,Male,4. Above 10K,Sales Executive,No Overtime,4. 10+ yrs,1,12936,23
26-35,Stayed,Research & Development,Male,1. Under 3K,Laboratory Technician,No Overtime,2. 3-5 yrs,0,2305,3
36-45,Stayed,Research & Development,Female,4. Above 10K,Research Director,No Overtime,4. 10+ yrs,0,16704,21
26-35,Stayed,Research & Development,Male,2. 3K-6K,Research Scientist,No Overtime,2. 3-5 yrs,0,3433,5
26-35,Stayed,Research & Development,Male,2. 3K-6K,Laboratory Technician,No Overtime,2. 3-5 yrs,0,3477,5
36-45,Stayed,Human Resources,Male,3. 6K-10K,Human Resources,No Overtime,2. 3-5 yrs,0,6430,3
36-45,Stayed,Research & Development,Female,3. 6K-10K,Manufacturing Director,Overtime,1. 0-2 yrs,0,6516,1
18-25,Stayed,Research & Development,Male,2. 3K-6K,Laboratory Technician,No Overtime,3. 6-10 yrs,0,3907,6
46-60,Stayed,Research & Development,Male,2. 3K-6K,Healthcare Representative,No Overtime,3. 6-10 yrs,0,5562,10
26-35,Stayed,Research & Development,Male,3. 6K-10K,Manufacturing Director,No Overtime,3. 6-10 yrs,0,6883,7
26-35,Stayed,Research & Development,Male,1. Under 3K,Research Scientist,No Overtime,3. 6-10 yrs,0,2862,10
46-60,Stayed,Sales,Male,2. 3K-6K,Sales Executive,No Overtime,1. 0-2 yrs,0,4978,1
46-60,Stayed,Sales,Male,4. Above 10K,Sales Executive,Overtime,3. 6-10 yrs,0,10368,10
36-45,Left,Sales,Male,3. 6K-10K,Sales Executive,Overtime,1. 0-2 yrs,1,6134,2
26-35,Left,Sales,Male,3. 6K-10K,Sales Executive,No Overtime,1. 0-2 yrs,1,6735,0
18-25,Stayed,Research & Development,Female,2. 3K-6K,Laboratory Technician,No Overtime,2. 3-5 yrs,0,3295,3
26-35,Stayed,Research & Development,Female,2. 3K-6K,Manufacturing Director,No Overtime,2. 3-5 yrs,0,5238,5
36-45,Stayed,Research & Development,Male,3. 6K-10K,Laboratory Technician,Overtime,3. 6-10 yrs,0,6472,9
26-35,Stayed,Sales,Male,3. 6K-10K,Sales Executive,No Overtime,2. 3-5 yrs,0,9610,4
36-45,Stayed,Sales,Male,4. Above 10K,Manager,No Overtime,4. 10+ yrs,0,19833,21
36-45,Stayed,Human Resources,Female,3. 6K-10K,Human Resources,No Overtime,2. 3-5 yrs,0,9756,5
26-35,Stayed,Research & Development,Female,2. 3K-6K,Research Scientist,No Overtime,3. 6-10 yrs,0,4968,9
18-25,Stayed,Human Resources,Male,1. Under 3K,Human Resources,No Overtime,1. 0-2 yrs,0,2145,2
26-35,Left,Human Resources,Female,1. Under 3K,Human Resources,No Overtime,2. 3-5 yrs,1,2180,4
26-35,Stayed,Sales,Male,3. 6K-10K,Sales Executive,No Overtime,2. 3-5 yrs,0,8346,5
26-35,Stayed,Research & Development,Female,2. 3K-6K,Research Scientist,No Overtime,3. 6-10 yrs,0,3445,6
26-35,Left,Sales,Female,1. Under 3K,Sales Representative,No Overtime,1. 0-2 yrs,1,2760,2
26-35,Stayed,Research & Development,Male,3. 6K-10K,Healthcare Representative,Overtime,2. 3-5 yrs,0,6294,3
26-35,Stayed,Sales,Male,3. 6K-10K,Sales Executive,No Overtime,3. 6-10 yrs,0,7140,7
26-35,Stayed,Research & Development,Male,1. Under 3K,Research Scientist,Overtime,2. 3-5 yrs,0,2932,5
26-35,Stayed,Sales,Female,2. 3K-6K,Sales Executive,No Overtime,4. 10+ yrs,0,5147,11
46-60,Stayed,Sales,Female,2. 3K-6K,Sales Executive,No Overtime,2. 3-5 yrs,0,4507,5
26-35,Left,Sales,Female,3. 6K-10K,Sales Executive,Overtime,1. 0-2 yrs,1,8564,0
36-45,Stayed,Research & Development,Female,1. Under 3K,Laboratory Technician,No Overtime,3. 6-10 yrs,0,2468,6
26-35,Left,Sales,Male,3. 6K-10K,Sales Executive,No Overtime,1. 0-2 yrs,1,8161,1
26-35,Stayed,Research & Development,Female,1. Under 3K,Research Scientist,No Overtime,1. 0-2 yrs,0,2109,1
26-35,Stayed,Research & Development,Male,2. 3K-6K,Healthcare Representative,No Overtime,3. 6-10 yrs,0,5294,7
26-35,Stayed,Research & Development,Male,1. Under 3K,Research Scientist,No Overtime,3. 6-10 yrs,0,2718,7
36-45,Stayed,Research & Development,Male,2. 3K-6K,Healthcare Representative,Overtime,1. 0-2 yrs,0,5811,1
36-45,Left,Research & Development,Male,1. Under 3K,Research Scientist,Overtime,1. 0-2 yrs,1,2437,1
36-45,Stayed,Research & Development,Male,1. Under 3K,Laboratory Technician,No Overtime,2. 3-5 yrs,0,2766,5
46-60,Stayed,Research & Development,Male,4. Above 10K,Research Director,No Overtime,1. 0-2 yrs,0,19038,1
26-35,Stayed,Research & Development,Male,2. 3K-6K,Research Scientist,No Overtime,3. 6-10 yrs,0,3055,9
36-45,Stayed,Research & Development,Male,1. Under 3K,Laboratory Technician,No Overtime,2. 3-5 yrs,0,2289,5
26-35,Stayed,Sales,Male,2. 3K-6K,Sales Executive,Overtime,4. 10+ yrs,0,4001,15
46-60,Stayed,Research & Development,Female,4. Above 10K,Manufacturing Director,Overtime,2. 3-5 yrs,0,12965,3
36-45,Stayed,Human Resources,Male,2. 3K-6K,Human Resources,No Overtime,3. 6-10 yrs,0,3539,9
26-35,Stayed,Sales,Female,3. 6K-10K,Sales Executive,No Overtime,1. 0-2 yrs,0,6029,2
18-25,Left,Sales,Male,1. Under 3K,Sales Representative,No Overtime,1. 0-2 yrs,1,2679,1
36-45,Stayed,Research & Development,Female,2. 3K-6K,Laboratory Technician,No Overtime,2. 3-5 yrs,0,3702,5
18-25,Left,Research & Development,Female,1. Under 3K,Laboratory Technician,Overtime,1. 0-2 yrs,1,2398,1
26-35,Stayed,Sales,Female,2. 3K-6K,Sales Executive,No Overtime,4. 10+ yrs,0,5468,12
46-60,Stayed,Research & Development,Female,4. Above 10K,Manager,No Overtime,1. 0-2 yrs,0,13116,2
36-45,Stayed,Sales,Male,2. 3K-6K,Sales Executive,No Overtime,2. 3-5 yrs,0,4189,5
46-60,Stayed,Research & Development,Male,4. Above 10K,Research Director,Overtime,1. 0-2 yrs,0,19328,2
36-45,Stayed,Research & Development,Male,3. 6K-10K,Healthcare Representative,Overtime,4. 10+ yrs,0,8321,12
36-45,Left,Research & Development,Male,1. Under 3K,Research Scientist,Overtime,2. 3-5 yrs,1,2342,5
36-45,Stayed,Human Resources,Male,2. 3K-6K,Human Resources,No Overtime,3. 6-10 yrs,0,4071,10
26-35,Left,Sales,Male,2. 3K-6K,Sales Executive,Overtime,3. 6-10 yrs,1,5813,10
26-35,Stayed,Research & Development,Male,2. 3K-6K,Research Scientist,No Overtime,3. 6-10 yrs,0,3143,10
26-35,Stayed,Research & Development,Male,1. Under 3K,Research Scientist,No Overtime,2. 3-5 yrs,0,2044,5
36-45,Stayed,Research & Development,Male,4. Above 10K,Research Director,No Overtime,2. 3-5 yrs,0,13464,4
46-60,Stayed,Sales,Male,3. 6K-10K,Sales Executive,No Overtime,1. 0-2 yrs,0,7991,2
36-45,Stayed,Research & Development,Female,2. 3K-6K,Laboratory Technician,No Overtime,2. 3-5 yrs,0,3377,4
36-45,Stayed,Research & Development,Male,2. 3K-6K,Healthcare Representative,No Overtime,1. 0-2 yrs,0,5538,0
26-35,Stayed,Research & Development,Male,2. 3K-6K,Manufacturing Director,No Overtime,3. 6-10 yrs,0,5762,7
36-45,Stayed,Human Resources,Male,1. Under 3K,Human Resources,No Overtime,4. 10+ yrs,0,2592,11
26-35,Left,Research & Development,Male,2. 3K-6K,Laboratory Technician,No Overtime,3. 6-10 yrs,1,5346,7
36-45,Left,Research & Development,Male,2. 3K-6K,Manufacturing Director,No Overtime,3. 6-10 yrs,1,4213,10
36-45,Stayed,Sales,Male,2. 3K-6K,Sales Executive,No Overtime,1. 0-2 yrs,0,4127,2
36-45,Stayed,Research & Development,Male,1. Under 3K,Research Scientist,No Overtime,2. 3-5 yrs,0,2438,3
36-45,Stayed,Research & Development,Male,3. 6K-10K,Healthcare Representative,No Overtime,2. 3-5 yrs,0,6870,3
36-45,Stayed,Sales,Female,4. Above 10K,Sales Executive,Overtime,4. 10+ yrs,0,10447,22
26-35,Stayed,Research & Development,Female,3. 6K-10K,Manufacturing Director,No Overtime,3. 6-10 yrs,0,9667,7
26-35,Left,Human Resources,Female,1. Under 3K,Human Resources,Overtime,2. 3-5 yrs,1,2148,5
46-60,Left,Research & Development,Female,3. 6K-10K,Healthcare Representative,No Overtime,3. 6-10 yrs,1,8926,9
36-45,Stayed,Research & Development,Female,3. 6K-10K,Healthcare Representative,No Overtime,2. 3-5 yrs,0,6513,5
26-35,Stayed,Sales,Male,3. 6K-10K,Sales Executive,No Overtime,3. 6-10 yrs,0,6799,10
46-60,Stayed,Sales,Male,4. Above 10K,Manager,No Overtime,4. 10+ yrs,0,16291,16
26-35,Stayed,Research & Development,Male,1. Under 3K,Laboratory Technician,No Overtime,2. 3-5 yrs,0,2705,5
46-60,Stayed,Research & Development,Female,4. Above 10K,Manufacturing Director,Overtime,4. 10+ yrs,0,10333,22
36-45,Stayed,Research & Development,Female,2. 3K-6K,Healthcare Representative,No Overtime,3. 6-10 yrs,0,4448,7
46-60,Stayed,Research & Development,Female,3. 6K-10K,Research Scientist,No Overtime,3. 6-10 yrs,0,6854,7
26-35,Stayed,Sales,Female,3. 6K-10K,Sales Executive,No Overtime,2. 3-5 yrs,0,9637,3
26-35,Stayed,Research & Development,Female,2. 3K-6K,Research Scientist,No Overtime,2. 3-5 yrs,0,3591,3
36-45,Stayed,Sales,Female,2. 3K-6K,Sales Representative,Overtime,2. 3-5 yrs,0,5405,4
26-35,Stayed,Sales,Male,2. 3K-6K,Sales Executive,No Overtime,2. 3-5 yrs,0,4684,5
46-60,Stayed,Research & Development,Male,4. Above 10K,Research Director,Overtime,1. 0-2 yrs,0,15787,2
18-25,Stayed,Research & Development,Female,1. Under 3K,Research Scientist,No Overtime,1. 0-2 yrs,0,1514,0
26-35,Left,Human Resources,Male,1. Under 3K,Human Resources,No Overtime,1. 0-2 yrs,1,2956,1
26-35,Left,Human Resources,Male,1. Under 3K,Human Resources,Overtime,1. 0-2 yrs,1,2335,2
36-45,Stayed,Sales,Female,2. 3K-6K,Sales Executive,No Overtime,3. 6-10 yrs,0,5154,8
36-45,Stayed,Research & Development,Female,3. 6K-10K,Research Scientist,Overtime,1. 0-2 yrs,0,6962,1
36-45,Stayed,Sales,Male,2. 3K-6K,Sales Executive,No Overtime,3. 6-10 yrs,0,5675,7
26-35,Stayed,Research & Development,Female,1. Under 3K,Laboratory Technician,Overtime,2. 3-5 yrs,0,2379,5
26-35,Stayed,Research & Development,Male,2. 3K-6K,Laboratory Technician,No Overtime,4. 10+ yrs,0,3812,11
26-35,Stayed,Sales,Male,2. 3K-6K,Sales Executive,No Overtime,1. 0-2 yrs,0,4648,0
36-45,Stayed,Research & Development,Male,1. Under 3K,Research Scientist,No Overtime,3. 6-10 yrs,0,2936,6
46-60,Stayed,Research & Development,Female,1. Under 3K,Laboratory Technician,No Overtime,1. 0-2 yrs,0,2105,2
46-60,Stayed,Research & Development,Male,3. 6K-10K,Manufacturing Director,No Overtime,3. 6-10 yrs,0,8578,9
26-35,Stayed,Human Resources,Male,1. Under 3K,Human Resources,No Overtime,2. 3-5 yrs,0,2706,3
26-35,Stayed,Research & Development,Male,3. 6K-10K,Healthcare Representative,No Overtime,3. 6-10 yrs,0,6384,7
36-45,Stayed,Research & Development,Male,2. 3K-6K,Laboratory Technician,No Overtime,1. 0-2 yrs,0,3968,0
26-35,Left,Sales,Male,3. 6K-10K,Sales Executive,Overtime,1. 0-2 yrs,1,9907,2
46-60,Stayed,Sales,Female,4. Above 10K,Sales Executive,No Overtime,4. 10+ yrs,0,13225,19
26-35,Stayed,Sales,Female,2. 3K-6K,Sales Representative,No Overtime,3. 6-10 yrs,0,3540,9
26-35,Stayed,Human Resources,Male,1. Under 3K,Human Resources,No Overtime,1. 0-2 yrs,0,2804,1
36-45,Stayed,Research & Development,Female,4. Above 10K,Manager,No Overtime,4. 10+ yrs,0,19392,16
46-60,Stayed,Research & Development,Male,4. Above 10K,Research Director,No Overtime,4. 10+ yrs,0,19665,22
26-35,Left,Research & Development,Male,1. Under 3K,Research Scientist,Overtime,1. 0-2 yrs,1,2439,1
46-60,Left,Sales,Female,3. 6K-10K,Sales Executive,No Overtime,3. 6-10 yrs,1,7314,8
26-35,Stayed,Research & Development,Female,2. 3K-6K,Research Scientist,No Overtime,3. 6-10 yrs,0,4774,7
36-45,Stayed,Research & Development,Male,2. 3K-6K,Research Scientist,No Overtime,1. 0-2 yrs,0,3902,2
46-60,Stayed,Research & Development,Male,1. Under 3K,Research Scientist,No Overtime,2. 3-5 yrs,0,2662,5
26-35,Stayed,Sales,Female,1. Under 3K,Sales Representative,No Overtime,1. 0-2 yrs,0,2856,1
26-35,Left,Sales,Male,1. Under 3K,Sales Representative,No Overtime,1. 0-2 yrs,1,1081,1
18-25,Left,Research & Development,Male,1. Under 3K,Research Scientist,Overtime,1. 0-2 yrs,1,2472,1
36-45,Stayed,Sales,Female,2. 3K-6K,Sales Executive,Overtime,3. 6-10 yrs,0,5673,10
26-35,Stayed,Research & Development,Male,2. 3K-6K,Laboratory Technician,No Overtime,3. 6-10 yrs,0,4197,10
26-35,Stayed,Sales,Male,3. 6K-10K,Sales Executive,Overtime,2. 3-5 yrs,0,9713,5
26-35,Stayed,Research & Development,Male,1. Under 3K,Laboratory Technician,No Overtime,2. 3-5 yrs,0,2062,3
36-45,Stayed,Research & Development,Male,2. 3K-6K,Research Scientist,Overtime,2. 3-5 yrs,0,4284,5
26-35,Stayed,Research & Development,Female,2. 3K-6K,Manufacturing Director,Overtime,2. 3-5 yrs,0,4788,3
36-45,Stayed,Research & Development,Female,2. 3K-6K,Manufacturing Director,No Overtime,3. 6-10 yrs,0,5906,9
36-45,Stayed,Human Resources,Male,2. 3K-6K,Human Resources,No Overtime,3. 6-10 yrs,0,3886,10
36-45,Stayed,Research & Development,Male,4. Above 10K,Manager,No Overtime,4. 10+ yrs,0,16823,19
26-35,Stayed,Research & Development,Female,1. Under 3K,Research Scientist,Overtime,1. 0-2 yrs,0,2933,1
26-35,Stayed,Sales,Female,3. 6K-10K,Sales Executive,No Overtime,3. 6-10 yrs,0,6500,8
46-60,Stayed,Research & Development,Female,4. Above 10K,Manager,No Overtime,4. 10+ yrs,0,17174,22
36-45,Stayed,Research & Development,Male,2. 3K-6K,Healthcare Representative,No Overtime,1. 0-2 yrs,0,5033,2
26-35,Left,Research & Development,Male,1. Under 3K,Research Scientist,Overtime,2. 3-5 yrs,1,2307,5
46-60,Left,Research & Development,Male,1. Under 3K,Laboratory Technician,No Overtime,2. 3-5 yrs,1,2587,4
36-45,Stayed,Sales,Male,2. 3K-6K,Sales Executive,No Overtime,2. 3-5 yrs,0,5507,4
36-45,Stayed,Sales,Female,2. 3K-6K,Sales Executive,No Overtime,2. 3-5 yrs,0,4393,5
36-45,Stayed,Research & Development,Male,4. Above 10K,Research Director,No Overtime,4. 10+ yrs,0,13348,13
26-35,Stayed,Sales,Female,3. 6K-10K,Sales Executive,Overtime,2. 3-5 yrs,0,6583,5
26-35,Stayed,Sales,Female,3. 6K-10K,Sales Executive,Overtime,2. 3-5 yrs,0,8103,4
26-35,Stayed,Research & Development,Female,2. 3K-6K,Laboratory Technician,No Overtime,1. 0-2 yrs,0,3978,2
26-35,Stayed,Research & Development,Male,1. Under 3K,Laboratory Technician,No Overtime,3. 6-10 yrs,0,2544,7
36-45,Stayed,Research & Development,Male,2. 3K-6K,Healthcare Representative,No Overtime,2. 3-5 yrs,0,5399,4
26-35,Stayed,Sales,Male,2. 3K-6K,Sales Executive,No Overtime,3. 6-10 yrs,0,5487,10
26-35,Stayed,Sales,Male,3. 6K-10K,Sales Executive,Overtime,3. 6-10 yrs,0,6834,7
26-35,Left,Sales,Male,1. Under 3K,Sales Representative,No Overtime,1. 0-2 yrs,1,1091,1
36-45,Stayed,Sales,Female,2. 3K-6K,Sales Executive,No Overtime,2. 3-5 yrs,0,5736,3
26-35,Stayed,Research & Development,Male,1. Under 3K,Research Scientist,No Overtime,2. 3-5 yrs,0,2226,5
26-35,Stayed,Research & Development,Male,2. 3K-6K,Research Scientist,Overtime,4. 10+ yrs,0,5747,15
26-35,Left,Sales,Female,3. 6K-10K,Sales Executive,Overtime,1. 0-2 yrs,1,9854,2
46-60,Stayed,Research & Development,Male,2. 3K-6K,Research Scientist,No Overtime,3. 6-10 yrs,0,5467,8
46-60,Stayed,Sales,Female,2. 3K-6K,Sales Executive,No Overtime,1. 0-2 yrs,0,5380,0
36-45,Stayed,Research & Development,Male,2. 3K-6K,Manufacturing Director,No Overtime,3. 6-10 yrs,0,5151,10
36-45,Stayed,Research & Development,Female,1. Under 3K,Research Scientist,Overtime,4. 10+ yrs,0,2133,20
46-60,Stayed,Sales,Female,4. Above 10K,Manager,Overtime,1. 0-2 yrs,0,17875,1
26-35,Left,Research & Development,Female,1. Under 3K,Research Scientist,Overtime,2. 3-5 yrs,1,2432,4
36-45,Stayed,Research & Development,Male,2. 3K-6K,Research Scientist,No Overtime,2. 3-5 yrs,0,4771,5
46-60,Stayed,Research & Development,Male,4. Above 10K,Research Director,No Overtime,2. 3-5 yrs,0,19161,5
36-45,Stayed,Sales,Male,2. 3K-6K,Sales Executive,Overtime,1. 0-2 yrs,0,5087,0
26-35,Left,Human Resources,Female,1. Under 3K,Human Resources,No Overtime,1. 0-2 yrs,1,2863,1
26-35,Stayed,Sales,Male,2. 3K-6K,Sales Executive,No Overtime,2. 3-5 yrs,0,5561,5
26-35,Stayed,Research & Development,Male,1. Under 3K,Research Scientist,No Overtime,2. 3-5 yrs,0,2144,5
26-35,Stayed,Research & Development,Male,2. 3K-6K,Research Scientist,Overtime,2. 3-5 yrs,0,3065,4
36-45,Stayed,Research & Development,Male,1. Under 3K,Laboratory Technician,No Overtime,2. 3-5 yrs,0,2810,5
26-35,Stayed,Sales,Male,3. 6K-10K,Sales Executive,No Overtime,4. 10+ yrs,0,9888,14
26-35,Stayed,Sales,Male,3. 6K-10K,Sales Executive,No Overtime,3. 6-10 yrs,0,8628,8
26-35,Stayed,Research & Development,Male,1. Under 3K,Laboratory Technician,No Overtime,3. 6-10 yrs,0,2867,7
26-35,Stayed,Research & Development,Male,2. 3K-6K,Healthcare Representative,No Overtime,2. 3-5 yrs,0,5373,5
26-35,Stayed,Research & Development,Female,3. 6K-10K,Healthcare Representative,No Overtime,2. 3-5 yrs,0,6667,5
26-35,Stayed,Research & Development,Male,2. 3K-6K,Research Scientist,No Overtime,3. 6-10 yrs,0,5003,10
26-35,Left,Research & Development,Male,1. Under 3K,Laboratory Technician,No Overtime,2. 3-5 yrs,1,2367,4
36-45,Stayed,Sales,Male,1. Under 3K,Sales Representative,No Overtime,1. 0-2 yrs,0,2858,1
26-35,Stayed,Sales,Female,2. 3K-6K,Sales Executive,Overtime,3. 6-10 yrs,0,5204,10
26-35,Stayed,Sales,Male,2. 3K-6K,Sales Executive,No Overtime,3. 6-10 yrs,0,4105,7
26-35,Stayed,Research & Development,Male,3. 6K-10K,Manufacturing Director,No Overtime,1. 0-2 yrs,0,9679,1
26-35,Left,Sales,Male,2. 3K-6K,Sales Executive,Overtime,3. 6-10 yrs,1,5617,10
46-60,Left,Sales,Male,4. Above 10K,Sales Executive,Overtime,1. 0-2 yrs,1,10448,2
46-60,Stayed,Research & Development,Female,1. Under 3K,Research Scientist,No Overtime,2. 3-5 yrs,0,2897,4
26-35,Stayed,Research & Development,Male,2. 3K-6K,Healthcare Representative,No Overtime,3. 6-10 yrs,0,5968,9
36-45,Stayed,Research & Development,Male,3. 6K-10K,Healthcare Representative,No Overtime,3. 6-10 yrs,0,7510,10
36-45,Stayed,Human Resources,Male,1. Under 3K,Human Resources,Overtime,3. 6-10 yrs,0,2991,6
46-60,Stayed,Human Resources,Male,4. Above 10K,Manager,Overtime,3. 6-10 yrs,0,19636,10
26-35,Stayed,Research & Development,Female,1. Under 3K,Laboratory Technician,Overtime,1. 0-2 yrs,0,1129,1
36-45,Stayed,Sales,Male,4. Above 10K,Sales Executive,No Overtime,4. 10+ yrs,0,13341,20
36-45,Stayed,Research & Development,Male,2. 3K-6K,Research Scientist,No Overtime,4. 10+ yrs,0,4332,20
26-35,Stayed,Research & Development,Female,4. Above 10K,Research Director,No Overtime,4. 10+ yrs,0,11031,11
46-60,Stayed,Research & Development,Female,2. 3K-6K,Manufacturing Director,Overtime,2. 3-5 yrs,0,4440,5
18-25,Stayed,Research & Development,Male,2. 3K-6K,Healthcare Representative,No Overtime,2. 3-5 yrs,0,4617,4
18-25,Stayed,Research & Development,Male,1. Under 3K,Laboratory Technician,No Overtime,2. 3-5 yrs,0,2647,5
36-45,Stayed,Research & Development,Female,3. 6K-10K,Laboratory Technician,No Overtime,3. 6-10 yrs,0,6323,10
36-45,Stayed,Sales,Female,2. 3K-6K,Sales Executive,No Overtime,4. 10+ yrs,0,5677,11
18-25,Stayed,Human Resources,Female,1. Under 3K,Human Resources,No Overtime,1. 0-2 yrs,0,2187,2
26-35,Stayed,Research & Development,Male,2. 3K-6K,Laboratory Technician,No Overtime,4. 10+ yrs,0,3748,12
18-25,Stayed,Research & Development,Male,2. 3K-6K,Laboratory Technician,Overtime,1. 0-2 yrs,0,3977,2
46-60,Stayed,Research & Development,Male,3. 6K-10K,Healthcare Representative,No Overtime,4. 10+ yrs,0,8633,17
26-35,Stayed,Research & Development,Male,1. Under 3K,Laboratory Technician,No Overtime,1. 0-2 yrs,0,2008,1
36-45,Stayed,Sales,Male,2. 3K-6K,Sales Executive,No Overtime,4. 10+ yrs,0,4440,15
26-35,Stayed,Sales,Male,2. 3K-6K,Sales Representative,No Overtime,1. 0-2 yrs,0,3067,2
36-45,Stayed,Research & Development,Male,2. 3K-6K,Manufacturing Director,No Overtime,3. 6-10 yrs,0,5321,8
36-45,Stayed,Research & Development,Male,2. 3K-6K,Research Scientist,Overtime,2. 3-5 yrs,0,5410,4
36-45,Stayed,Research & Development,Male,1. Under 3K,Research Scientist,No Overtime,2. 3-5 yrs,0,2782,5
46-60,Stayed,Research & Development,Female,4. Above 10K,Research Director,No Overtime,4. 10+ yrs,0,11957,13
26-35,Stayed,Research & Development,Male,1. Under 3K,Laboratory Technician,Overtime,1. 0-2 yrs,0,2660,2
18-25,Stayed,Research & Development,Male,2. 3K-6K,Research Scientist,No Overtime,2. 3-5 yrs,0,3375,3
26-35,Stayed,Research & Development,Male,2. 3K-6K,Research Scientist,No Overtime,3. 6-10 yrs,0,5098,10
26-35,Stayed,Research & Development,Female,2. 3K-6K,Healthcare Representative,Overtime,3. 6-10 yrs,0,4878,9
26-35,Stayed,Research & Development,Female,1. Under 3K,Laboratory Technician,No Overtime,3. 6-10 yrs,0,2837,6
36-45,Stayed,Research & Development,Male,1. Under 3K,Laboratory Technician,No Overtime,1. 0-2 yrs,0,2406,1
26-35,Stayed,Sales,Male,1. Under 3K,Sales Representative,No Overtime,1. 0-2 yrs,0,2269,2
36-45,Stayed,Research & Development,Male,2. 3K-6K,Research Scientist,No Overtime,3. 6-10 yrs,0,4108,7
36-45,Stayed,Research & Development,Female,4. Above 10K,Research Director,No Overtime,4. 10+ yrs,0,13206,18
26-35,Stayed,Sales,Female,4. Above 10K,Sales Executive,No Overtime,4. 10+ yrs,0,10422,14
36-45,Stayed,Research & Development,Female,4. Above 10K,Research Director,Overtime,4. 10+ yrs,0,13744,16
18-25,Stayed,Sales,Female,2. 3K-6K,Sales Executive,Overtime,2. 3-5 yrs,0,4907,5
46-60,Stayed,Sales,Male,2. 3K-6K,Sales Representative,No Overtime,3. 6-10 yrs,0,3482,9
36-45,Stayed,Research & Development,Male,1. Under 3K,Research Scientist,Overtime,2. 3-5 yrs,0,2436,4
18-25,Stayed,Sales,Male,1. Under 3K,Sales Representative,Overtime,1. 0-2 yrs,0,2380,2
36-45,Stayed,Research & Development,Male,4. Above 10K,Manager,No Overtime,3. 6-10 yrs,0,19431,6
18-25,Left,Sales,Male,1. Under 3K,Sales Representative,No Overtime,1. 0-2 yrs,1,1790,1
36-45,Stayed,Sales,Female,3. 6K-10K,Sales Executive,No Overtime,3. 6-10 yrs,0,7644,9
36-45,Stayed,Research & Development,Female,2. 3K-6K,Manufacturing Director,No Overtime,2. 3-5 yrs,0,5131,4
46-60,Stayed,Research & Development,Male,3. 6K-10K,Healthcare Representative,No Overtime,4. 10+ yrs,0,6306,13
26-35,Left,Research & Development,Male,2. 3K-6K,Research Scientist,Overtime,1. 0-2 yrs,1,4787,2
36-45,Stayed,Research & Development,Male,4. Above 10K,Manager,No Overtime,4. 10+ yrs,0,18880,22
46-60,Left,Research & Development,Male,1. Under 3K,Laboratory Technician,No Overtime,3. 6-10 yrs,1,2339,10
36-45,Stayed,Research & Development,Female,4. Above 10K,Manufacturing Director,No Overtime,4. 10+ yrs,0,13570,20
26-35,Stayed,Sales,Female,3. 6K-10K,Sales Executive,No Overtime,3. 6-10 yrs,0,6712,8
36-45,Stayed,Sales,Male,2. 3K-6K,Sales Executive,No Overtime,4. 10+ yrs,0,5406,15
36-45,Stayed,Sales,Male,3. 6K-10K,Sales Executive,No Overtime,2. 3-5 yrs,0,8938,5
26-35,Stayed,Research & Development,Male,1. Under 3K,Research Scientist,No Overtime,2. 3-5 yrs,0,2439,4
26-35,Stayed,Human Resources,Female,3. 6K-10K,Human Resources,Overtime,3. 6-10 yrs,0,8837,9
36-45,Stayed,Sales,Female,2. 3K-6K,Sales Executive,No Overtime,3. 6-10 yrs,0,5343,10
46-60,Left,Sales,Male,3. 6K-10K,Sales Executive,No Overtime,3. 6-10 yrs,1,6728,6
36-45,Stayed,Sales,Female,3. 6K-10K,Sales Executive,No Overtime,3. 6-10 yrs,0,6652,6
36-45,Stayed,Sales,Female,2. 3K-6K,Sales Executive,No Overtime,2. 3-5 yrs,0,4850,5
36-45,Stayed,Research & Development,Male,1. Under 3K,Research Scientist,No Overtime,1. 0-2 yrs,0,2809,2
26-35,Stayed,Research & Development,Male,2. 3K-6K,Healthcare Representative,Overtime,3. 6-10 yrs,0,5689,10
36-45,Stayed,Research & Development,Female,1. Under 3K,Research Scientist,No Overtime,2. 3-5 yrs,0,2001,5
26-35,Stayed,Research & Development,Female,1. Under 3K,Research Scientist,No Overtime,2. 3-5 yrs,0,2977,4
26-35,Stayed,Research & Development,Male,2. 3K-6K,Laboratory Technician,Overtime,2. 3-5 yrs,0,4025,4
26-35,Stayed,Research & Development,Female,2. 3K-6K,Research Scientist,No Overtime,2. 3-5 yrs,0,3785,5
46-60,Left,Sales,Male,4. Above 10K,Sales Executive,Overtime,2. 3-5 yrs,1,10854,3
36-45,Stayed,Sales,Female,4. Above 10K,Sales Executive,No Overtime,4. 10+ yrs,0,12031,20
26-35,Stayed,Research & Development,Male,3. 6K-10K,Manufacturing Director,No Overtime,3. 6-10 yrs,0,9936,9
26-35,Stayed,Sales,Female,1. Under 3K,Sales Representative,No Overtime,2. 3-5 yrs,0,2966,4
36-45,Stayed,Research & Development,Male,1. Under 3K,Laboratory Technician,No Overtime,2. 3-5 yrs,0,2571,5
36-45,Stayed,Research & Development,Male,3. 6K-10K,Healthcare Representative,No Overtime,3. 6-10 yrs,0,9991,7
26-35,Stayed,Research & Development,Male,3. 6K-10K,Manufacturing Director,Overtime,3. 6-10 yrs,0,6142,6
46-60,Stayed,Sales,Male,2. 3K-6K,Sales Executive,No Overtime,3. 6-10 yrs,0,5390,9
26-35,Stayed,Research & Development,Male,2. 3K-6K,Laboratory Technician,No Overtime,2. 3-5 yrs,0,4404,4
